frame,pupil_norm
1,38.59294925866732
2,38.59294925866732
3,38.59294925866732
4,38.59294925866732
5,38.59294925866732
6,38.59294925866732
7,38.59294925866732
8,38.59294925866732
9,38.59294925866732
10,38.59294925866732
11,38.59294925866732
12,38.59294925866732
13,38.59294925866732
14,38.59294925866732
15,38.59294925866732
16,38.59294925866732
17,38.59294925866732
18,38.59294925866732
19,38.59294925866732
20,38.59294925866732
21,38.59294925866732
22,38.59294925866732
23,38.59294925866732
24,38.59294925866732
25,38.59294925866732
26,38.59294925866732
27,38.59294925866732
28,38.59294925866732
29,38.59294925866732
30,38.59294925866732
31,38.59294925866732
32,38.59294925866732
33,38.59294925866732
34,38.59294925866732
35,38.59294925866732
36,38.59294925866732
37,38.59294925866732
38,38.59294925866732
39,38.59294925866732
40,38.59294925866732
41,38.59294925866732
42,38.59294925866732
43,38.59294925866732
44,38.59294925866732
45,38.59294925866732
46,38.59294925866732
47,38.59294925866732
48,38.59294925866732
49,38.59294925866732
50,38.59294925866732
51,38.59294925866732
52,38.59294925866732
53,38.59294925866732
54,38.59294925866732
55,38.59294925866732
56,38.59294925866732
57,38.59294925866732
58,38.59294925866732
59,38.59294925866732
60,38.59294925866732
61,38.59294925866732
62,38.59294925866732
63,38.59294925866732
64,38.59294925866732
65,38.59294925866732
66,38.59294925866732
67,38.59294925866732
68,38.59294925866732
69,38.59294925866732
70,38.59294925866732
71,38.59294925866732
72,38.59294925866732
73,38.59294925866732
74,38.59294925866732
75,38.59294925866732
76,38.59294925866732
77,38.59294925866732
78,38.59294925866732
79,38.59294925866732
80,38.59294925866732
81,38.59294925866732
82,38.59294925866732
83,38.59294925866732
84,38.59294925866732
85,38.59294925866732
86,38.59294925866732
87,38.59294925866732
88,38.59294925866732
89,38.59294925866732
90,38.59294925866732
91,38.59294925866732
92,38.59294925866732
93,38.59294925866732
94,38.59294925866732
95,38.59294925866732
96,38.59294925866732
97,38.59294925866732
98,38.59294925866732
99,38.59294925866732
100,38.59294925866732
101,38.59294925866732
102,38.59294925866732
103,38.59294925866732
104,38.59294925866732
105,38.59294925866732
106,38.59294925866732
107,38.59294925866732
108,38.59294925866732
109,38.59294925866732
110,38.59294925866732
111,38.59294925866732
112,38.59294925866732
113,38.59294925866732
114,38.59294925866732
115,38.59294925866732
116,38.59294925866732
117,38.59294925866732
118,38.59294925866732
119,38.59294925866732
120,38.59294925866732
121,38.59294925866732
122,38.59294925866732
123,38.59294925866732
124,38.59294925866732
125,38.59294925866732
126,38.59294925866732
127,38.59294925866732
128,38.59294925866732
129,38.59294925866732
130,38.59294925866732
131,38.59294925866732
132,38.59294925866732
133,38.59294925866732
134,38.59294925866732
135,38.59294925866732
136,38.59294925866732
137,38.59294925866732
138,38.59294925866732
139,38.59294925866732
140,38.59294925866732
141,38.59294925866732
142,38.59294925866732
143,38.59294925866732
144,38.59294925866732
145,38.59294925866732
146,38.59294925866732
147,38.59294925866732
148,38.59294925866732
149,38.59294925866732
150,38.59294925866732
151,38.59294925866732
152,38.59294925866732
153,38.59294925866732
154,38.59294925866732
155,38.59294925866732
156,38.59294925866732
157,38.59294925866732
158,38.59294925866732
159,38.59294925866732
160,38.59294925866732
161,38.59294925866732
162,38.59294925866732
163,38.59294925866732
164,38.59294925866732
165,38.59294925866732
166,38.59294925866732
167,38.59294925866732
168,38.59294925866732
169,38.59294925866732
170,38.59294925866732
171,38.59294925866732
172,38.59294925866732
173,38.59294925866732
174,38.59294925866732
175,38.59294925866732
176,38.59294925866732
177,38.59294925866732
178,38.59294925866732
179,38.59294925866732
180,38.59294925866732
181,38.59294925866732
182,38.59294925866732
183,38.59294925866732
184,38.59294925866732
185,38.59294925866732
186,38.59294925866732
187,38.59294925866732
188,38.59294925866732
189,38.59294925866732
190,38.59294925866732
191,38.59294925866732
192,38.59294925866732
193,38.59294925866732
194,38.59294925866732
195,38.59294925866732
196,38.59294925866732
197,38.59294925866732
198,38.59294925866732
199,38.59294925866732
200,38.59294925866732
201,38.59294925866732
202,38.59294925866732
203,38.59294925866732
204,38.59294925866732
205,38.59294925866732
206,38.59294925866732
207,38.59294925866732
208,38.59294925866732
209,38.59294925866732
210,38.59294925866732
211,38.59294925866732
212,38.59294925866732
213,38.59294925866732
214,38.59294925866732
215,38.59294925866732
216,38.59294925866732
217,38.59294925866732
218,38.59294925866732
219,38.59294925866732
220,38.59294925866732
221,38.59294925866732
222,38.59294925866732
223,38.59294925866732
224,38.59294925866732
225,38.59294925866732
226,38.59294925866732
227,38.59294925866732
228,38.59294925866732
229,38.59294925866732
230,38.59294925866732
231,38.59294925866732
232,38.59294925866732
233,38.59294925866732
234,38.59294925866732
235,38.59294925866732
236,38.59294925866732
237,38.59294925866732
238,38.59294925866732
239,38.59294925866732
240,38.59294925866732
241,38.59294925866732
242,38.59294925866732
243,38.59294925866732
244,38.59294925866732
245,38.59294925866732
246,38.59294925866732
247,38.59294925866732
248,38.59294925866732
249,38.59294925866732
250,38.59294925866732
251,38.59294925866732
252,38.59294925866732
253,38.59294925866732
254,38.59294925866732
255,38.59294925866732
256,38.59294925866732
257,38.59294925866732
258,38.59294925866732
259,38.59294925866732
260,38.59294925866732
261,38.59294925866732
262,38.59294925866732
263,38.59294925866732
264,38.59294925866732
265,38.59294925866732
266,38.59294925866732
267,38.59294925866732
268,38.59294925866732
269,38.59294925866732
270,38.59294925866732
271,38.59294925866732
272,38.59294925866732
273,38.59294925866732
274,38.59294925866732
275,38.59294925866732
276,38.59294925866732
277,38.59294925866732
278,38.59294925866732
279,38.59294925866732
280,38.59294925866732
281,38.59294925866732
282,38.59294925866732
283,38.59294925866732
284,38.59294925866732
285,38.59294925866732
286,38.59294925866732
287,38.59294925866732
288,38.59294925866732
289,38.59294925866732
290,38.59294925866732
291,38.59294925866732
292,38.59294925866732
293,38.59294925866732
294,38.59294925866732
295,38.59294925866732
296,38.59294925866732
297,38.59294925866732
298,38.59294925866732
299,38.59294925866732
300,38.59294925866732
301,38.59294925866732
302,38.59294925866732
303,38.59294925866732
304,38.59294925866732
305,38.59294925866732
306,38.59294925866732
307,38.59294925866732
308,38.59294925866732
309,38.59294925866732
310,38.59294925866732
311,38.59294925866732
312,38.59294925866732
313,38.59294925866732
314,38.59294925866732
315,38.59294925866732
316,38.59294925866732
317,38.59294925866732
318,38.59294925866732
319,38.59294925866732
320,38.59294925866732
321,38.59294925866732
322,38.59294925866732
323,38.59294925866732
324,38.59294925866732
325,38.59294925866732
326,38.59294925866732
327,38.59294925866732
328,38.59294925866732
329,38.59294925866732
330,38.59294925866732
331,38.59294925866732
332,38.59294925866732
333,38.59294925866732
334,38.59294925866732
335,38.59294925866732
336,38.59294925866732
337,38.59294925866732
338,38.59294925866732
339,38.59294925866732
340,38.59294925866732
341,38.59294925866732
342,38.59294925866732
343,38.59294925866732
344,38.59294925866732
345,38.59294925866732
346,38.59294925866732
347,38.59294925866732
348,38.59294925866732
349,38.59294925866732
350,38.59294925866732
351,38.59294925866732
352,38.59294925866732
353,38.59294925866732
354,38.59294925866732
355,38.59294925866732
356,38.59294925866732
357,38.59294925866732
358,38.59294925866732
359,38.59294925866732
360,38.59294925866732
361,38.59294925866732
362,38.59294925866732
363,38.59294925866732
364,38.59294925866732
365,38.59294925866732
366,38.59294925866732
367,38.59294925866732
368,38.59294925866732
369,38.59294925866732
370,38.59294925866732
371,38.59294925866732
372,38.59294925866732
373,38.59294925866732
374,38.59294925866732
375,38.59294925866732
376,38.59294925866732
377,38.59294925866732
378,38.59294925866732
379,38.59294925866732
380,38.59294925866732
381,38.59294925866732
382,38.59294925866732
383,38.59294925866732
384,38.59294925866732
385,38.59294925866732
386,38.59294925866732
387,38.59294925866732
388,38.59294925866732
389,38.59294925866732
390,38.59294925866732
391,38.59294925866732
392,38.59294925866732
393,38.59294925866732
394,38.59294925866732
395,38.59294925866732
396,38.59294925866732
397,38.59294925866732
398,38.59294925866732
399,38.59294925866732
400,38.59294925866732
401,38.59294925866732
402,38.59294925866732
403,38.59294925866732
404,38.59294925866732
405,38.59294925866732
406,38.59294925866732
407,38.59294925866732
408,38.59294925866732
409,38.59294925866732
410,38.59294925866732
411,38.59294925866732
412,38.59294925866732
413,38.59294925866732
414,38.59294925866732
415,38.59294925866732
416,38.59294925866732
417,38.59294925866732
418,38.59294925866732
419,38.59294925866732
420,38.59294925866732
421,38.59294925866732
422,38.59294925866732
423,38.59294925866732
424,38.59294925866732
425,38.59294925866732
426,38.59294925866732
427,38.59294925866732
428,38.59294925866732
429,38.59294925866732
430,38.59294925866732
431,38.59294925866732
432,38.59294925866732
433,38.59294925866732
434,38.59294925866732
435,38.59294925866732
436,38.59294925866732
437,38.59294925866732
438,38.59294925866732
439,38.59294925866732
440,38.59294925866732
441,38.59294925866732
442,38.59294925866732
443,38.59294925866732
444,38.59294925866732
445,38.59294925866732
446,38.59294925866732
447,38.59294925866732
448,38.59294925866732
449,38.59294925866732
450,38.59294925866732
451,38.59294925866732
452,38.59294925866732
453,38.59294925866732
454,38.59294925866732
455,38.59294925866732
456,38.59294925866732
457,38.59294925866732
458,38.59294925866732
459,8.996097671600785
460,8.996097671600785
461,8.996097671600785
462,8.996097671600785
463,8.996097671600785
464,8.996097671600785
465,8.996097671600785
466,8.996097671600785
467,8.996097671600785
468,8.996097671600785
469,8.996097671600785
470,8.996097671600785
471,8.996097671600785
472,8.996097671600785
473,8.996097671600785
474,8.996097671600785
475,8.996097671600785
476,8.996097671600785
477,8.996097671600785
478,8.996097671600785
479,8.996097671600785
480,8.996097671600785
481,8.996097671600785
482,8.996097671600785
483,8.996097671600785
484,8.996097671600785
485,8.996097671600785
486,8.996097671600785
487,8.996097671600785
488,8.996097671600785
489,8.996097671600785
490,8.996097671600785
491,8.996097671600785
492,8.996097671600785
493,8.996097671600785
494,8.996097671600785
495,8.996097671600785
496,8.996097671600785
497,8.996097671600785
498,8.996097671600785
499,8.996097671600785
500,8.996097671600785
501,8.996097671600785
502,8.996097671600785
503,8.996097671600785
504,8.996097671600785
505,8.996097671600785
506,8.996097671600785
507,8.996097671600785
508,8.996097671600785
509,8.996097671600785
510,8.996097671600785
511,8.996097671600785
512,8.996097671600785
513,8.996097671600785
514,8.996097671600785
515,8.996097671600785
516,8.996097671600785
517,8.996097671600785
518,8.996097671600785
519,8.996097671600785
520,8.996097671600785
521,8.996097671600785
522,8.996097671600785
523,8.996097671600785
524,8.996097671600785
525,8.996097671600785
526,8.996097671600785
527,8.996097671600785
528,8.996097671600785
529,8.996097671600785
530,8.996097671600785
531,8.996097671600785
532,8.996097671600785
533,8.996097671600785
534,8.996097671600785
535,8.996097671600785
536,8.996097671600785
537,8.996097671600785
538,8.996097671600785
539,8.996097671600785
540,8.996097671600785
541,8.996097671600785
542,8.996097671600785
543,8.996097671600785
544,8.996097671600785
545,8.996097671600785
546,8.996097671600785
547,8.996097671600785
548,8.996097671600785
549,8.996097671600785
550,8.996097671600785
551,8.996097671600785
552,8.996097671600785
553,8.996097671600785
554,8.996097671600785
555,8.996097671600785
556,8.996097671600785
557,8.996097671600785
558,8.996097671600785
559,8.996097671600785
560,8.996097671600785
561,8.996097671600785
562,8.996097671600785
563,8.996097671600785
564,8.996097671600785
565,8.996097671600785
566,8.996097671600785
567,8.996097671600785
568,8.996097671600785
569,8.996097671600785
570,8.996097671600785
571,8.996097671600785
572,8.996097671600785
573,8.996097671600785
574,8.996097671600785
575,8.996097671600785
576,8.996097671600785
577,8.996097671600785
578,8.996097671600785
579,8.996097671600785
580,8.996097671600785
581,8.996097671600785
582,8.996097671600785
583,8.996097671600785
584,8.996097671600785
585,8.996097671600785
586,8.996097671600785
587,8.996097671600785
588,8.996097671600785
589,8.996097671600785
590,8.996097671600785
591,8.996097671600785
592,8.996097671600785
593,8.996097671600785
594,8.996097671600785
595,8.996097671600785
596,8.996097671600785
597,8.996097671600785
598,8.996097671600785
599,8.996097671600785
600,8.996097671600785
601,8.996097671600785
602,8.996097671600785
603,8.996097671600785
604,8.996097671600785
605,8.996097671600785
606,8.996097671600785
607,8.996097671600785
608,8.996097671600785
609,8.996097671600785
610,8.996097671600785
611,8.996097671600785
612,8.996097671600785
613,8.996097671600785
614,8.996097671600785
615,8.996097671600785
616,8.996097671600785
617,8.996097671600785
618,8.996097671600785
619,8.996097671600785
620,8.996097671600785
621,8.996097671600785
622,8.996097671600785
623,8.996097671600785
624,8.996097671600785
625,8.996097671600785
626,8.996097671600785
627,8.996097671600785
628,8.996097671600785
629,8.996097671600785
630,8.996097671600785
631,8.996097671600785
632,8.996097671600785
633,8.996097671600785
634,8.996097671600785
635,8.996097671600785
636,8.996097671600785
637,8.996097671600785
638,8.996097671600785
639,8.996097671600785
640,8.996097671600785
641,8.996097671600785
642,8.996097671600785
643,8.996097671600785
644,8.996097671600785
645,8.996097671600785
646,8.996097671600785
647,8.996097671600785
648,8.996097671600785
649,8.996097671600785
650,8.996097671600785
651,8.996097671600785
652,8.996097671600785
653,8.996097671600785
654,8.996097671600785
655,8.996097671600785
656,8.996097671600785
657,8.996097671600785
658,8.996097671600785
659,8.996097671600785
660,8.996097671600785
661,8.996097671600785
662,8.996097671600785
663,8.996097671600785
664,8.996097671600785
665,8.996097671600785
666,8.996097671600785
667,8.996097671600785
668,8.996097671600785
669,8.996097671600785
670,8.996097671600785
671,8.996097671600785
672,8.996097671600785
673,8.996097671600785
674,8.996097671600785
675,8.996097671600785
676,8.996097671600785
677,8.996097671600785
678,8.996097671600785
679,8.996097671600785
680,8.996097671600785
681,8.996097671600785
682,8.996097671600785
683,8.996097671600785
684,8.996097671600785
685,8.996097671600785
686,8.996097671600785
687,8.996097671600785
688,8.996097671600785
689,8.996097671600785
690,8.996097671600785
691,8.996097671600785
692,8.996097671600785
693,8.996097671600785
694,8.996097671600785
695,8.996097671600785
696,8.996097671600785
697,8.996097671600785
698,8.996097671600785
699,8.996097671600785
700,8.996097671600785
701,8.996097671600785
702,8.996097671600785
703,8.996097671600785
704,8.996097671600785
705,8.996097671600785
706,8.996097671600785
707,8.996097671600785
708,8.996097671600785
709,8.996097671600785
710,8.996097671600785
711,8.996097671600785
712,8.996097671600785
713,8.996097671600785
714,8.996097671600785
715,8.996097671600785
716,8.996097671600785
717,8.996097671600785
718,8.996097671600785
719,8.996097671600785
720,8.996097671600785
721,8.996097671600785
722,8.996097671600785
723,8.996097671600785
724,8.996097671600785
725,8.996097671600785
726,8.996097671600785
727,8.996097671600785
728,8.996097671600785
729,8.996097671600785
730,8.996097671600785
731,8.996097671600785
732,8.996097671600785
733,8.996097671600785
734,8.996097671600785
735,8.996097671600785
736,8.996097671600785
737,8.996097671600785
738,8.996097671600785
739,8.996097671600785
740,8.996097671600785
741,8.996097671600785
742,8.996097671600785
743,8.996097671600785
744,8.996097671600785
745,8.996097671600785
746,8.996097671600785
747,8.996097671600785
748,8.996097671600785
749,8.996097671600785
750,8.996097671600785
751,8.996097671600785
752,8.996097671600785
753,8.996097671600785
754,8.996097671600785
755,8.996097671600785
756,8.996097671600785
757,8.996097671600785
758,8.996097671600785
759,8.996097671600785
760,8.996097671600785
761,8.996097671600785
762,8.996097671600785
763,8.996097671600785
764,8.996097671600785
765,8.996097671600785
766,8.996097671600785
767,8.996097671600785
768,8.996097671600785
769,8.996097671600785
770,8.996097671600785
771,8.996097671600785
772,8.996097671600785
773,8.996097671600785
774,8.996097671600785
775,8.996097671600785
776,8.996097671600785
777,8.996097671600785
778,8.996097671600785
779,8.996097671600785
780,8.996097671600785
781,8.996097671600785
782,8.996097671600785
783,8.996097671600785
784,8.996097671600785
785,8.996097671600785
786,8.996097671600785
787,8.996097671600785
788,8.996097671600785
789,8.996097671600785
790,8.996097671600785
791,8.996097671600785
792,8.996097671600785
793,8.996097671600785
794,8.996097671600785
795,8.996097671600785
796,8.996097671600785
797,8.996097671600785
798,8.996097671600785
799,8.996097671600785
800,8.996097671600785
801,8.996097671600785
802,8.996097671600785
803,8.996097671600785
804,8.996097671600785
805,8.996097671600785
806,8.996097671600785
807,8.996097671600785
808,8.996097671600785
809,8.996097671600785
810,8.996097671600785
811,79.14632763517675
812,79.14632763517675
813,79.14632763517675
814,79.14632763517675
815,79.14632763517675
816,79.14632763517675
817,79.14632763517675
818,79.14632763517675
819,79.14632763517675
820,79.14632763517675
821,79.14632763517675
822,79.14632763517675
823,79.14632763517675
824,79.14632763517675
825,79.14632763517675
826,79.14632763517675
827,79.14632763517675
828,79.14632763517675
829,79.14632763517675
830,79.14632763517675
831,79.14632763517675
832,79.14632763517675
833,79.14632763517675
834,79.14632763517675
835,79.14632763517675
836,79.14632763517675
837,79.14632763517675
838,79.14632763517675
839,79.14632763517675
840,79.14632763517675
841,79.14632763517675
842,79.14632763517675
843,79.14632763517675
844,79.14632763517675
845,79.14632763517675
846,79.14632763517675
847,79.14632763517675
848,79.14632763517675
849,79.14632763517675
850,79.14632763517675
851,79.14632763517675
852,79.14632763517675
853,79.14632763517675
854,79.14632763517675
855,79.14632763517675
856,79.14632763517675
857,79.14632763517675
858,79.14632763517675
859,79.14632763517675
860,79.14632763517675
861,79.14632763517675
862,79.14632763517675
863,79.14632763517675
864,79.14632763517675
865,79.14632763517675
866,79.14632763517675
867,79.14632763517675
868,79.14632763517675
869,79.14632763517675
870,79.14632763517675
871,79.14632763517675
872,79.14632763517675
873,79.14632763517675
874,79.14632763517675
875,79.14632763517675
876,79.14632763517675
877,79.14632763517675
878,79.14632763517675
879,79.14632763517675
880,79.14632763517675
881,79.14632763517675
882,79.14632763517675
883,79.14632763517675
884,79.14632763517675
885,79.14632763517675
886,79.14632763517675
887,79.14632763517675
888,79.14632763517675
889,79.14632763517675
890,79.14632763517675
891,79.14632763517675
892,79.14632763517675
893,79.14632763517675
894,79.14632763517675
895,79.14632763517675
896,79.14632763517675
897,79.14632763517675
898,79.14632763517675
899,79.14632763517675
900,79.14632763517675
901,79.14632763517675
902,79.14632763517675
903,79.14632763517675
904,79.14632763517675
905,79.14632763517675
906,79.14632763517675
907,79.14632763517675
908,79.14632763517675
909,79.14632763517675
910,79.14632763517675
911,79.14632763517675
912,79.14632763517675
913,79.14632763517675
914,79.14632763517675
915,79.14632763517675
916,79.14632763517675
917,79.14632763517675
918,79.14632763517675
919,79.14632763517675
920,79.14632763517675
921,79.14632763517675
922,79.14632763517675
923,79.14632763517675
924,79.14632763517675
925,79.14632763517675
926,79.14632763517675
927,79.14632763517675
928,79.14632763517675
929,79.14632763517675
930,79.14632763517675
931,79.14632763517675
932,79.14632763517675
933,79.14632763517675
934,79.14632763517675
935,79.14632763517675
936,79.14632763517675
937,79.14632763517675
938,79.14632763517675
939,79.14632763517675
940,79.14632763517675
941,79.14632763517675
942,79.14632763517675
943,79.14632763517675
944,79.14632763517675
945,79.14632763517675
946,79.14632763517675
947,79.14632763517675
948,79.14632763517675
949,79.14632763517675
950,79.14632763517675
951,79.14632763517675
952,79.14632763517675
953,79.14632763517675
954,79.14632763517675
955,79.14632763517675
956,79.14632763517675
957,79.14632763517675
958,79.14632763517675
959,79.14632763517675
960,79.14632763517675
961,79.14632763517675
962,79.14632763517675
963,79.14632763517675
964,79.14632763517675
965,79.14632763517675
966,79.14632763517675
967,79.14632763517675
968,79.14632763517675
969,79.14632763517675
970,79.14632763517675
971,79.14632763517675
972,79.14632763517675
973,79.14632763517675
974,79.14632763517675
975,79.14632763517675
976,79.14632763517675
977,79.14632763517675
978,79.14632763517675
979,13.264874342812304
980,13.264874342812304
981,13.264874342812304
982,13.264874342812304
983,13.264874342812304
984,13.264874342812304
985,13.264874342812304
986,13.264874342812304
987,13.264874342812304
988,13.264874342812304
989,13.264874342812304
990,13.264874342812304
991,13.264874342812304
992,13.264874342812304
993,13.264874342812304
994,13.264874342812304
995,13.264874342812304
996,13.264874342812304
997,13.264874342812304
998,13.264874342812304
999,13.264874342812304
1000,13.264874342812304
1001,13.264874342812304
1002,13.264874342812304
1003,13.264874342812304
1004,13.264874342812304
1005,13.264874342812304
1006,13.264874342812304
1007,13.264874342812304
1008,13.264874342812304
1009,13.264874342812304
1010,13.264874342812304
1011,13.264874342812304
1012,13.264874342812304
1013,13.264874342812304
1014,13.264874342812304
1015,13.264874342812304
1016,13.264874342812304
1017,13.264874342812304
1018,13.264874342812304
1019,13.264874342812304
1020,13.264874342812304
1021,13.264874342812304
1022,13.264874342812304
1023,13.264874342812304
1024,13.264874342812304
1025,13.264874342812304
1026,13.264874342812304
1027,13.264874342812304
1028,13.264874342812304
1029,13.264874342812304
1030,13.264874342812304
1031,13.264874342812304
1032,13.264874342812304
1033,13.264874342812304
1034,13.264874342812304
1035,13.264874342812304
1036,13.264874342812304
1037,13.264874342812304
1038,13.264874342812304
1039,13.264874342812304
1040,13.264874342812304
1041,13.264874342812304
1042,13.264874342812304
1043,13.264874342812304
1044,13.264874342812304
1045,13.264874342812304
1046,13.264874342812304
1047,13.264874342812304
1048,13.264874342812304
1049,13.264874342812304
1050,13.264874342812304
1051,13.264874342812304
1052,13.264874342812304
1053,13.264874342812304
1054,13.264874342812304
1055,13.264874342812304
1056,13.264874342812304
1057,13.264874342812304
1058,13.264874342812304
1059,13.264874342812304
1060,13.264874342812304
1061,13.264874342812304
1062,13.264874342812304
1063,13.264874342812304
1064,13.264874342812304
1065,13.264874342812304
1066,13.264874342812304
1067,13.264874342812304
1068,13.264874342812304
1069,13.264874342812304
1070,13.264874342812304
1071,13.264874342812304
1072,13.264874342812304
1073,13.264874342812304
1074,13.264874342812304
1075,13.264874342812304
1076,13.264874342812304
1077,13.264874342812304
1078,13.264874342812304
1079,13.264874342812304
1080,13.264874342812304
1081,13.264874342812304
1082,13.264874342812304
1083,13.264874342812304
1084,13.264874342812304
1085,13.264874342812304
1086,13.264874342812304
1087,13.264874342812304
1088,13.264874342812304
1089,13.264874342812304
1090,13.264874342812304
1091,13.264874342812304
1092,13.264874342812304
1093,13.264874342812304
1094,13.264874342812304
1095,13.264874342812304
1096,13.264874342812304
1097,13.264874342812304
1098,13.264874342812304
1099,13.264874342812304
1100,13.264874342812304
1101,13.264874342812304
1102,13.264874342812304
1103,13.264874342812304
1104,13.264874342812304
1105,13.264874342812304
1106,13.264874342812304
1107,13.264874342812304
1108,13.264874342812304
1109,13.264874342812304
1110,13.264874342812304
1111,13.264874342812304
1112,13.264874342812304
1113,13.264874342812304
1114,13.264874342812304
1115,13.264874342812304
1116,13.264874342812304
1117,13.264874342812304
1118,13.264874342812304
1119,13.264874342812304
1120,13.264874342812304
1121,13.264874342812304
1122,13.264874342812304
1123,13.264874342812304
1124,13.264874342812304
1125,13.264874342812304
1126,13.264874342812304
1127,13.264874342812304
1128,13.264874342812304
1129,13.264874342812304
1130,13.264874342812304
1131,13.264874342812304
1132,13.264874342812304
1133,13.264874342812304
1134,13.264874342812304
1135,13.264874342812304
1136,13.264874342812304
1137,13.264874342812304
1138,13.264874342812304
1139,13.264874342812304
1140,13.264874342812304
1141,13.264874342812304
1142,13.264874342812304
1143,13.264874342812304
1144,13.264874342812304
1145,13.264874342812304
1146,13.264874342812304
1147,13.264874342812304
1148,13.264874342812304
1149,13.264874342812304
1150,13.264874342812304
1151,13.264874342812304
1152,13.264874342812304
1153,13.264874342812304
1154,13.264874342812304
1155,13.264874342812304
1156,13.264874342812304
1157,13.264874342812304
1158,13.264874342812304
1159,13.264874342812304
1160,13.264874342812304
1161,13.264874342812304
1162,13.264874342812304
1163,13.264874342812304
1164,13.264874342812304
1165,13.264874342812304
1166,13.264874342812304
1167,13.264874342812304
1168,13.264874342812304
1169,13.264874342812304
1170,13.264874342812304
1171,13.264874342812304
1172,13.264874342812304
1173,13.264874342812304
1174,13.264874342812304
1175,13.264874342812304
1176,13.264874342812304
1177,13.264874342812304
1178,13.264874342812304
1179,13.264874342812304
1180,13.264874342812304
1181,13.264874342812304
1182,13.264874342812304
1183,13.264874342812304
1184,13.264874342812304
1185,13.264874342812304
1186,13.264874342812304
1187,13.264874342812304
1188,13.264874342812304
1189,13.264874342812304
1190,13.264874342812304
1191,13.264874342812304
1192,13.264874342812304
1193,13.264874342812304
1194,13.264874342812304
1195,13.264874342812304
1196,13.264874342812304
1197,13.264874342812304
1198,13.264874342812304
1199,13.264874342812304
1200,13.264874342812304
1201,13.264874342812304
1202,13.264874342812304
1203,13.264874342812304
1204,13.264874342812304
1205,13.264874342812304
1206,13.264874342812304
1207,13.264874342812304
1208,13.264874342812304
1209,13.264874342812304
1210,13.264874342812304
1211,13.264874342812304
1212,13.264874342812304
1213,13.264874342812304
1214,13.264874342812304
1215,13.264874342812304
1216,13.264874342812304
1217,13.264874342812304
1218,13.264874342812304
1219,13.264874342812304
1220,13.264874342812304
1221,13.264874342812304
1222,13.264874342812304
1223,13.264874342812304
1224,13.264874342812304
1225,13.264874342812304
1226,13.264874342812304
1227,13.264874342812304
1228,13.264874342812304
1229,13.264874342812304
1230,13.264874342812304
1231,13.264874342812304
1232,13.264874342812304
1233,13.264874342812304
1234,13.264874342812304
1235,13.264874342812304
1236,13.264874342812304
1237,13.264874342812304
1238,13.264874342812304
1239,13.264874342812304
1240,13.264874342812304
1241,13.264874342812304
1242,13.264874342812304
1243,13.264874342812304
1244,13.264874342812304
1245,13.264874342812304
1246,13.264874342812304
1247,13.264874342812304
1248,13.264874342812304
1249,13.264874342812304
1250,13.264874342812304
1251,13.264874342812304
1252,13.264874342812304
1253,13.264874342812304
1254,13.264874342812304
1255,13.264874342812304
1256,13.264874342812304
1257,13.264874342812304
1258,13.264874342812304
1259,13.264874342812304
1260,13.264874342812304
1261,13.264874342812304
1262,13.264874342812304
1263,13.264874342812304
1264,13.264874342812304
1265,13.264874342812304
1266,13.264874342812304
1267,13.264874342812304
1268,13.264874342812304
1269,13.264874342812304
1270,13.264874342812304
1271,13.264874342812304
1272,13.264874342812304
1273,13.264874342812304
1274,13.264874342812304
1275,13.264874342812304
1276,13.264874342812304
1277,13.264874342812304
1278,13.264874342812304
1279,13.264874342812304
1280,13.264874342812304
1281,13.264874342812304
1282,13.264874342812304
1283,13.264874342812304
1284,13.264874342812304
1285,13.264874342812304
1286,13.264874342812304
1287,13.264874342812304
1288,13.264874342812304
1289,13.264874342812304
1290,13.264874342812304
1291,13.264874342812304
1292,13.264874342812304
1293,13.264874342812304
1294,13.264874342812304
1295,13.264874342812304
1296,13.264874342812304
1297,13.264874342812304
1298,13.264874342812304
1299,13.264874342812304
1300,13.264874342812304
1301,13.264874342812304
1302,13.264874342812304
1303,13.264874342812304
1304,13.264874342812304
1305,13.264874342812304
1306,13.264874342812304
1307,13.264874342812304
1308,13.264874342812304
1309,13.264874342812304
1310,13.264874342812304
1311,13.264874342812304
1312,13.264874342812304
1313,13.264874342812304
1314,13.264874342812304
1315,13.264874342812304
1316,13.264874342812304
1317,13.264874342812304
1318,13.264874342812304
1319,13.264874342812304
1320,13.264874342812304
1321,13.264874342812304
1322,13.264874342812304
1323,13.264874342812304
1324,13.264874342812304
1325,13.264874342812304
1326,13.264874342812304
1327,13.264874342812304
1328,13.264874342812304
1329,13.264874342812304
1330,13.264874342812304
1331,13.264874342812304
1332,13.264874342812304
1333,13.264874342812304
1334,13.264874342812304
1335,13.264874342812304
1336,13.264874342812304
1337,13.264874342812304
1338,13.264874342812304
1339,13.264874342812304
1340,13.264874342812304
1341,13.264874342812304
1342,13.264874342812304
1343,13.264874342812304
1344,13.264874342812304
1345,13.264874342812304
1346,13.264874342812304
1347,13.264874342812304
1348,13.264874342812304
1349,13.264874342812304
1350,13.264874342812304
1351,13.264874342812304
1352,13.264874342812304
1353,13.264874342812304
1354,13.264874342812304
1355,13.264874342812304
1356,13.264874342812304
1357,13.264874342812304
1358,13.264874342812304
1359,13.264874342812304
1360,13.264874342812304
1361,13.264874342812304
1362,13.264874342812304
1363,13.264874342812304
1364,13.264874342812304
1365,13.264874342812304
1366,13.264874342812304
1367,13.264874342812304
1368,13.264874342812304
1369,13.264874342812304
1370,13.264874342812304
1371,13.264874342812304
1372,13.264874342812304
1373,13.264874342812304
1374,13.264874342812304
1375,13.264874342812304
1376,13.264874342812304
1377,13.264874342812304
1378,13.264874342812304
1379,13.264874342812304
1380,13.264874342812304
1381,13.264874342812304
1382,13.264874342812304
1383,13.264874342812304
1384,13.264874342812304
1385,13.264874342812304
1386,13.264874342812304
1387,13.264874342812304
1388,13.264874342812304
1389,13.264874342812304
1390,13.264874342812304
1391,13.264874342812304
1392,13.264874342812304
1393,13.264874342812304
1394,13.264874342812304
1395,13.264874342812304
1396,13.264874342812304
1397,13.264874342812304
1398,13.264874342812304
1399,13.264874342812304
1400,13.264874342812304
1401,13.264874342812304
1402,13.264874342812304
1403,13.264874342812304
1404,13.264874342812304
1405,13.264874342812304
1406,13.264874342812304
1407,13.264874342812304
1408,13.264874342812304
1409,13.264874342812304
1410,13.264874342812304
1411,13.264874342812304
1412,13.264874342812304
1413,13.264874342812304
1414,13.264874342812304
1415,13.264874342812304
1416,13.264874342812304
1417,13.264874342812304
1418,13.264874342812304
1419,13.264874342812304
1420,13.264874342812304
1421,13.264874342812304
1422,13.264874342812304
1423,13.264874342812304
1424,13.264874342812304
1425,13.264874342812304
1426,13.264874342812304
1427,13.264874342812304
1428,13.264874342812304
1429,13.264874342812304
1430,13.264874342812304
1431,13.264874342812304
1432,13.264874342812304
1433,13.264874342812304
1434,13.264874342812304
1435,13.264874342812304
1436,13.264874342812304
1437,13.264874342812304
1438,13.264874342812304
1439,13.264874342812304
1440,13.264874342812304
1441,13.264874342812304
1442,13.264874342812304
1443,13.264874342812304
1444,13.264874342812304
1445,13.264874342812304
1446,13.264874342812304
1447,13.264874342812304
1448,13.264874342812304
1449,13.264874342812304
1450,13.264874342812304
1451,13.264874342812304
1452,13.264874342812304
1453,13.264874342812304
1454,13.264874342812304
1455,13.264874342812304
1456,13.264874342812304
1457,13.264874342812304
1458,13.264874342812304
1459,13.264874342812304
1460,13.264874342812304
1461,13.264874342812304
1462,13.264874342812304
1463,13.264874342812304
1464,13.264874342812304
1465,13.264874342812304
1466,13.264874342812304
1467,13.264874342812304
1468,13.264874342812304
1469,13.264874342812304
1470,13.264874342812304
1471,13.264874342812304
1472,13.264874342812304
1473,13.264874342812304
1474,13.264874342812304
1475,13.264874342812304
1476,13.264874342812304
1477,13.264874342812304
1478,13.264874342812304
1479,13.264874342812304
1480,13.264874342812304
1481,13.264874342812304
1482,13.264874342812304
1483,13.264874342812304
1484,13.264874342812304
1485,13.264874342812304
1486,13.264874342812304
1487,13.264874342812304
1488,13.264874342812304
1489,13.264874342812304
1490,13.264874342812304
1491,13.264874342812304
1492,13.264874342812304
1493,13.264874342812304
1494,13.264874342812304
1495,13.264874342812304
1496,13.264874342812304
1497,13.264874342812304
1498,13.264874342812304
1499,13.264874342812304
1500,13.264874342812304
1501,13.264874342812304
1502,13.264874342812304
1503,13.264874342812304
1504,13.264874342812304
1505,13.264874342812304
1506,13.264874342812304
1507,-8.790471791780543
1508,-8.790471791780543
1509,-8.790471791780543
1510,-8.790471791780543
1511,-8.790471791780543
1512,-8.790471791780543
1513,-8.790471791780543
1514,-8.790471791780543
1515,-8.790471791780543
1516,-8.790471791780543
1517,-8.790471791780543
1518,-8.790471791780543
1519,-8.790471791780543
1520,-8.790471791780543
1521,-8.790471791780543
1522,-8.790471791780543
1523,-8.790471791780543
1524,-8.790471791780543
1525,-8.790471791780543
1526,-8.790471791780543
1527,-8.790471791780543
1528,-8.790471791780543
1529,-8.790471791780543
1530,-8.790471791780543
1531,-8.790471791780543
1532,-8.790471791780543
1533,-8.790471791780543
1534,-8.790471791780543
1535,-8.790471791780543
1536,-8.790471791780543
1537,-8.790471791780543
1538,-8.790471791780543
1539,-8.790471791780543
1540,-8.790471791780543
1541,-8.790471791780543
1542,-8.790471791780543
1543,-8.790471791780543
1544,-8.790471791780543
1545,-8.790471791780543
1546,-8.790471791780543
1547,-8.790471791780543
1548,-8.790471791780543
1549,-8.790471791780543
1550,-8.790471791780543
1551,-8.790471791780543
1552,-8.790471791780543
1553,-8.790471791780543
1554,-8.790471791780543
1555,-8.790471791780543
1556,-8.790471791780543
1557,-8.790471791780543
1558,-8.790471791780543
1559,-8.790471791780543
1560,-8.790471791780543
1561,-8.790471791780543
1562,-8.790471791780543
1563,-8.790471791780543
1564,-8.790471791780543
1565,-8.790471791780543
1566,-8.790471791780543
1567,-8.790471791780543
1568,-8.790471791780543
1569,-8.790471791780543
1570,-8.790471791780543
1571,-8.790471791780543
1572,-8.790471791780543
1573,-8.790471791780543
1574,-8.790471791780543
1575,-8.790471791780543
1576,-8.790471791780543
1577,-8.790471791780543
1578,-8.790471791780543
1579,-8.790471791780543
1580,-8.790471791780543
1581,-8.790471791780543
1582,-8.790471791780543
1583,-8.790471791780543
1584,-8.790471791780543
1585,-8.790471791780543
1586,-8.790471791780543
1587,-8.790471791780543
1588,-8.790471791780543
1589,-8.790471791780543
1590,-8.790471791780543
1591,-8.790471791780543
1592,-8.790471791780543
1593,-8.790471791780543
1594,-8.790471791780543
1595,-8.790471791780543
1596,-8.790471791780543
1597,-8.790471791780543
1598,-8.790471791780543
1599,-8.790471791780543
1600,-8.790471791780543
1601,-8.790471791780543
1602,-8.790471791780543
1603,-8.790471791780543
1604,-8.790471791780543
1605,-8.790471791780543
1606,-8.790471791780543
1607,-8.790471791780543
1608,-8.790471791780543
1609,-8.790471791780543
1610,-8.790471791780543
1611,-8.790471791780543
1612,-8.790471791780543
1613,-8.790471791780543
1614,-8.790471791780543
1615,-8.790471791780543
1616,-8.790471791780543
1617,-8.790471791780543
1618,-8.790471791780543
1619,-8.790471791780543
1620,-8.790471791780543
1621,-8.790471791780543
1622,-8.790471791780543
1623,-8.790471791780543
1624,-8.790471791780543
1625,-8.790471791780543
1626,-8.790471791780543
1627,-8.790471791780543
1628,-8.790471791780543
1629,-8.790471791780543
1630,-8.790471791780543
1631,-8.790471791780543
1632,-8.790471791780543
1633,-8.790471791780543
1634,-8.790471791780543
1635,-8.790471791780543
1636,-8.790471791780543
1637,-8.790471791780543
1638,-8.790471791780543
1639,-8.790471791780543
1640,-8.790471791780543
1641,-8.790471791780543
1642,-8.790471791780543
1643,-8.790471791780543
1644,-8.790471791780543
1645,-8.790471791780543
1646,-8.790471791780543
1647,-8.790471791780543
1648,-8.790471791780543
1649,-8.790471791780543
1650,-8.790471791780543
1651,-8.790471791780543
1652,-8.790471791780543
1653,-8.790471791780543
1654,-8.790471791780543
1655,-8.790471791780543
1656,-8.790471791780543
1657,-8.790471791780543
1658,-8.790471791780543
1659,-8.790471791780543
1660,-8.790471791780543
1661,-8.790471791780543
1662,-8.790471791780543
1663,-8.790471791780543
1664,-8.790471791780543
1665,-8.790471791780543
1666,-8.790471791780543
1667,-8.790471791780543
1668,-8.790471791780543
1669,-8.790471791780543
1670,-8.790471791780543
1671,-8.790471791780543
1672,-8.790471791780543
1673,-8.790471791780543
1674,-8.790471791780543
1675,-8.790471791780543
1676,-8.790471791780543
1677,-8.790471791780543
1678,-8.790471791780543
1679,-8.790471791780543
1680,-8.790471791780543
1681,-8.790471791780543
1682,-8.790471791780543
1683,-8.790471791780543
1684,-8.790471791780543
1685,-8.790471791780543
1686,-8.790471791780543
1687,-8.790471791780543
1688,-8.790471791780543
1689,-8.790471791780543
1690,-8.790471791780543
1691,-8.790471791780543
1692,-8.790471791780543
1693,-8.790471791780543
1694,-8.790471791780543
1695,-8.790471791780543
1696,-8.790471791780543
1697,-8.790471791780543
1698,-8.790471791780543
1699,-8.790471791780543
1700,-8.790471791780543
1701,-8.790471791780543
1702,-8.790471791780543
1703,-8.790471791780543
1704,-8.790471791780543
1705,-8.790471791780543
1706,-8.790471791780543
1707,-8.790471791780543
1708,-8.790471791780543
1709,-8.790471791780543
1710,-8.790471791780543
1711,-8.790471791780543
1712,-8.790471791780543
1713,-8.790471791780543
1714,-8.790471791780543
1715,-8.790471791780543
1716,-8.790471791780543
1717,-8.790471791780543
1718,-8.790471791780543
1719,-8.790471791780543
1720,-8.790471791780543
1721,-8.790471791780543
1722,-8.790471791780543
1723,-8.790471791780543
1724,-8.790471791780543
1725,-8.790471791780543
1726,-8.790471791780543
1727,-8.790471791780543
1728,-8.790471791780543
1729,-8.790471791780543
1730,-8.790471791780543
1731,-8.790471791780543
1732,-8.790471791780543
1733,-8.790471791780543
1734,-8.790471791780543
1735,-8.790471791780543
1736,-8.790471791780543
1737,-8.790471791780543
1738,-8.790471791780543
1739,-8.790471791780543
1740,-8.790471791780543
1741,-8.790471791780543
1742,-8.790471791780543
1743,-8.790471791780543
1744,-8.790471791780543
1745,-8.790471791780543
1746,-8.790471791780543
1747,-8.790471791780543
1748,-8.790471791780543
1749,-8.790471791780543
1750,-8.790471791780543
1751,-8.790471791780543
1752,-8.790471791780543
1753,-8.790471791780543
1754,-8.790471791780543
1755,-8.790471791780543
1756,-8.790471791780543
1757,-8.790471791780543
1758,-8.790471791780543
1759,-8.790471791780543
1760,-8.790471791780543
1761,-8.790471791780543
1762,-8.790471791780543
1763,-8.790471791780543
1764,-8.790471791780543
1765,-8.790471791780543
1766,-8.790471791780543
1767,-8.790471791780543
1768,-8.790471791780543
1769,-8.790471791780543
1770,-8.790471791780543
1771,-8.790471791780543
1772,-8.790471791780543
1773,-8.790471791780543
1774,-8.790471791780543
1775,-8.790471791780543
1776,-8.790471791780543
1777,-8.790471791780543
1778,-8.790471791780543
1779,-8.790471791780543
1780,-8.790471791780543
1781,-8.790471791780543
1782,-8.790471791780543
1783,-8.790471791780543
1784,-8.790471791780543
1785,-8.790471791780543
1786,-8.790471791780543
1787,-8.790471791780543
1788,-8.790471791780543
1789,-8.790471791780543
1790,-8.790471791780543
1791,-8.790471791780543
1792,-8.790471791780543
1793,-8.790471791780543
1794,-8.790471791780543
1795,-8.790471791780543
1796,-8.790471791780543
1797,-8.790471791780543
1798,-8.790471791780543
1799,-8.790471791780543
1800,-8.790471791780543
1801,-8.790471791780543
1802,-8.790471791780543
1803,-8.790471791780543
1804,-8.790471791780543
1805,-8.790471791780543
1806,-8.790471791780543
1807,-8.790471791780543
1808,-8.790471791780543
1809,-8.790471791780543
1810,-8.790471791780543
1811,-8.790471791780543
1812,-8.790471791780543
1813,-8.790471791780543
1814,-8.790471791780543
1815,-8.790471791780543
1816,-8.790471791780543
1817,-8.790471791780543
1818,-8.790471791780543
1819,-8.790471791780543
1820,-8.790471791780543
1821,-8.790471791780543
1822,-8.790471791780543
1823,-8.790471791780543
1824,-8.790471791780543
1825,-8.790471791780543
1826,-8.790471791780543
1827,-8.790471791780543
1828,-8.790471791780543
1829,-8.790471791780543
1830,-8.790471791780543
1831,-8.790471791780543
1832,-8.790471791780543
1833,-8.790471791780543
1834,-8.790471791780543
1835,-8.790471791780543
1836,-8.790471791780543
1837,-8.790471791780543
1838,-8.790471791780543
1839,-8.790471791780543
1840,-8.790471791780543
1841,-8.790471791780543
1842,-8.790471791780543
1843,-8.790471791780543
1844,-8.790471791780543
1845,-8.790471791780543
1846,-8.790471791780543
1847,-8.790471791780543
1848,-8.790471791780543
1849,-8.790471791780543
1850,-8.790471791780543
1851,-8.790471791780543
1852,-8.790471791780543
1853,-8.790471791780543
1854,-8.790471791780543
1855,-8.790471791780543
1856,-8.790471791780543
1857,-8.790471791780543
1858,-8.790471791780543
1859,-8.790471791780543
1860,-8.790471791780543
1861,-8.790471791780543
1862,-8.790471791780543
1863,-8.790471791780543
1864,-8.363594124659391
1865,-8.363594124659391
1866,-8.363594124659391
1867,-8.363594124659391
1868,-8.363594124659391
1869,-8.363594124659391
1870,-8.363594124659391
1871,-8.363594124659391
1872,-8.363594124659391
1873,-8.363594124659391
1874,-8.363594124659391
1875,-8.363594124659391
1876,-8.363594124659391
1877,-8.363594124659391
1878,-8.363594124659391
1879,-8.363594124659391
1880,-8.363594124659391
1881,-8.363594124659391
1882,-8.363594124659391
1883,-8.363594124659391
1884,-8.363594124659391
1885,-8.363594124659391
1886,-8.363594124659391
1887,-8.363594124659391
1888,-8.363594124659391
1889,-8.363594124659391
1890,-8.363594124659391
1891,-8.363594124659391
1892,-8.363594124659391
1893,-8.363594124659391
1894,-8.363594124659391
1895,-8.363594124659391
1896,-8.363594124659391
1897,-8.363594124659391
1898,-8.363594124659391
1899,-8.363594124659391
1900,-8.363594124659391
1901,-8.363594124659391
1902,-8.363594124659391
1903,-8.363594124659391
1904,-8.363594124659391
1905,-8.363594124659391
1906,-8.363594124659391
1907,-8.363594124659391
1908,-8.363594124659391
1909,-8.363594124659391
1910,-8.363594124659391
1911,-8.363594124659391
1912,-8.363594124659391
1913,-8.363594124659391
1914,-8.363594124659391
1915,-8.363594124659391
1916,-8.363594124659391
1917,-8.363594124659391
1918,-8.363594124659391
1919,-8.363594124659391
1920,-8.363594124659391
1921,-8.363594124659391
1922,-8.363594124659391
1923,-8.363594124659391
1924,-8.363594124659391
1925,-8.363594124659391
1926,-8.363594124659391
1927,-8.363594124659391
1928,-8.363594124659391
1929,-8.363594124659391
1930,-8.363594124659391
1931,-8.363594124659391
1932,-8.363594124659391
1933,-8.363594124659391
1934,-8.363594124659391
1935,-8.363594124659391
1936,-8.363594124659391
1937,-8.363594124659391
1938,-8.363594124659391
1939,-8.363594124659391
1940,-8.363594124659391
1941,-8.363594124659391
1942,-8.363594124659391
1943,-8.363594124659391
1944,-8.363594124659391
1945,-8.363594124659391
1946,-8.363594124659391
1947,-8.363594124659391
1948,-8.363594124659391
1949,-8.363594124659391
1950,-8.363594124659391
1951,-8.363594124659391
1952,-8.363594124659391
1953,-8.363594124659391
1954,-8.363594124659391
1955,-8.363594124659391
1956,-8.363594124659391
1957,-8.363594124659391
1958,-8.363594124659391
1959,-8.363594124659391
1960,-8.363594124659391
1961,-8.363594124659391
1962,-8.363594124659391
1963,-8.363594124659391
1964,-8.363594124659391
1965,-8.363594124659391
1966,-8.363594124659391
1967,-8.363594124659391
1968,-8.363594124659391
1969,-8.363594124659391
1970,-8.363594124659391
1971,-8.363594124659391
1972,-8.363594124659391
1973,-8.363594124659391
1974,-8.363594124659391
1975,-8.363594124659391
1976,-8.363594124659391
1977,-8.363594124659391
1978,-8.363594124659391
1979,-8.363594124659391
1980,-8.363594124659391
1981,-8.363594124659391
1982,-8.363594124659391
1983,-8.363594124659391
1984,-8.363594124659391
1985,-8.363594124659391
1986,-8.363594124659391
1987,-8.363594124659391
1988,-8.363594124659391
1989,-8.363594124659391
1990,-8.363594124659391
1991,-8.363594124659391
1992,-8.363594124659391
1993,-8.363594124659391
1994,-8.363594124659391
1995,-8.363594124659391
1996,-8.363594124659391
1997,-8.363594124659391
1998,-8.363594124659391
1999,-8.363594124659391
2000,-8.363594124659391
2001,-8.363594124659391
2002,-8.363594124659391
2003,-8.363594124659391
2004,-8.363594124659391
2005,-8.363594124659391
2006,-8.363594124659391
2007,-8.363594124659391
2008,-8.363594124659391
2009,-8.363594124659391
2010,-8.363594124659391
2011,-8.363594124659391
2012,-8.363594124659391
2013,-8.363594124659391
2014,-8.363594124659391
2015,-8.363594124659391
2016,-8.363594124659391
2017,-8.363594124659391
2018,-8.363594124659391
2019,-8.363594124659391
2020,-8.363594124659391
2021,-8.363594124659391
2022,-8.363594124659391
2023,-8.363594124659391
2024,-8.363594124659391
2025,-8.363594124659391
2026,-8.363594124659391
2027,-8.363594124659391
2028,-8.363594124659391
2029,-8.363594124659391
2030,-8.363594124659391
2031,-8.363594124659391
2032,-8.363594124659391
2033,-8.363594124659391
2034,-8.363594124659391
2035,-8.363594124659391
2036,-8.363594124659391
2037,-8.363594124659391
2038,-8.363594124659391
2039,-8.363594124659391
2040,-8.363594124659391
2041,-8.363594124659391
2042,-8.363594124659391
2043,-8.363594124659391
2044,-8.363594124659391
2045,-8.363594124659391
2046,-8.363594124659391
2047,-8.363594124659391
2048,-8.363594124659391
2049,-8.363594124659391
2050,-8.363594124659391
2051,-8.363594124659391
2052,-8.363594124659391
2053,-8.363594124659391
2054,-8.363594124659391
2055,-8.363594124659391
2056,-8.363594124659391
2057,-8.363594124659391
2058,-8.363594124659391
2059,-8.363594124659391
2060,-8.363594124659391
2061,-8.363594124659391
2062,-8.363594124659391
2063,-8.363594124659391
2064,-8.363594124659391
2065,-8.363594124659391
2066,-8.363594124659391
2067,-8.363594124659391
2068,-8.363594124659391
2069,-8.363594124659391
2070,-8.363594124659391
2071,-8.363594124659391
2072,-8.363594124659391
2073,-8.363594124659391
2074,-8.363594124659391
2075,-8.363594124659391
2076,-8.363594124659391
2077,-8.363594124659391
2078,-8.363594124659391
2079,-8.363594124659391
2080,-8.363594124659391
2081,-8.363594124659391
2082,-8.363594124659391
2083,-8.363594124659391
2084,-8.363594124659391
2085,-8.363594124659391
2086,-8.363594124659391
2087,-8.363594124659391
2088,-8.363594124659391
2089,-8.363594124659391
2090,-8.363594124659391
2091,-8.363594124659391
2092,-8.363594124659391
2093,-8.363594124659391
2094,-8.363594124659391
2095,-8.363594124659391
2096,-8.363594124659391
2097,-8.363594124659391
2098,-8.363594124659391
2099,-8.363594124659391
2100,-8.363594124659391
2101,-8.363594124659391
2102,-8.363594124659391
2103,-8.363594124659391
2104,-8.363594124659391
2105,-8.363594124659391
2106,-8.363594124659391
2107,-8.363594124659391
2108,-8.363594124659391
2109,-8.363594124659391
2110,-8.363594124659391
2111,-8.363594124659391
2112,-8.363594124659391
2113,-8.363594124659391
2114,-8.363594124659391
2115,-8.363594124659391
2116,-8.363594124659391
2117,-8.363594124659391
2118,-8.363594124659391
2119,-8.363594124659391
2120,-8.363594124659391
2121,-8.363594124659391
2122,-8.363594124659391
2123,-8.363594124659391
2124,-8.363594124659391
2125,-8.363594124659391
2126,-8.363594124659391
2127,-8.363594124659391
2128,-8.363594124659391
2129,-8.363594124659391
2130,-8.363594124659391
2131,-8.363594124659391
2132,-8.363594124659391
2133,-8.363594124659391
2134,-8.363594124659391
2135,-8.363594124659391
2136,-8.363594124659391
2137,-8.363594124659391
2138,-8.363594124659391
2139,-8.363594124659391
2140,-8.363594124659391
2141,-8.363594124659391
2142,-8.363594124659391
2143,-8.363594124659391
2144,-8.363594124659391
2145,-8.363594124659391
2146,-8.363594124659391
2147,-8.363594124659391
2148,-8.363594124659391
2149,-8.363594124659391
2150,-8.363594124659391
2151,-8.363594124659391
2152,-8.363594124659391
2153,-8.363594124659391
2154,-8.363594124659391
2155,-8.363594124659391
2156,-8.363594124659391
2157,-8.363594124659391
2158,-8.363594124659391
2159,-8.363594124659391
2160,-8.363594124659391
2161,-8.363594124659391
2162,-8.363594124659391
2163,-8.363594124659391
2164,-8.363594124659391
2165,-8.363594124659391
2166,-8.363594124659391
2167,-8.363594124659391
2168,-8.363594124659391
2169,-8.363594124659391
2170,-8.363594124659391
2171,-8.363594124659391
2172,-8.363594124659391
2173,-8.363594124659391
2174,-8.363594124659391
2175,-8.363594124659391
2176,-8.363594124659391
2177,-8.363594124659391
2178,-8.363594124659391
2179,-8.363594124659391
2180,-8.363594124659391
2181,-8.363594124659391
2182,-8.363594124659391
2183,-8.363594124659391
2184,-8.363594124659391
2185,-8.363594124659391
2186,-8.363594124659391
2187,-8.363594124659391
2188,-8.363594124659391
2189,-8.363594124659391
2190,-8.363594124659391
2191,-8.363594124659391
2192,-8.363594124659391
2193,-8.363594124659391
2194,-8.363594124659391
2195,-8.363594124659391
2196,-8.363594124659391
2197,-8.363594124659391
2198,-8.363594124659391
2199,-8.363594124659391
2200,-8.363594124659391
2201,-8.363594124659391
2202,-8.363594124659391
2203,-8.363594124659391
2204,-8.363594124659391
2205,-8.363594124659391
2206,-8.363594124659391
2207,-8.363594124659391
2208,-8.363594124659391
2209,-8.363594124659391
2210,-8.363594124659391
2211,-8.363594124659391
2212,-8.363594124659391
2213,-8.363594124659391
2214,-8.363594124659391
2215,-8.363594124659391
2216,-8.363594124659391
2217,-8.363594124659391
2218,-8.363594124659391
2219,-8.363594124659391
2220,-8.363594124659391
2221,-8.363594124659391
2222,-8.363594124659391
2223,-8.363594124659391
2224,-8.363594124659391
2225,-8.363594124659391
2226,-8.363594124659391
2227,-8.363594124659391
2228,-8.363594124659391
2229,-8.363594124659391
2230,-8.363594124659391
2231,-8.363594124659391
2232,-8.363594124659391
2233,-8.363594124659391
2234,-8.363594124659391
2235,-8.363594124659391
2236,-8.363594124659391
2237,-8.363594124659391
2238,-8.363594124659391
2239,-8.363594124659391
2240,-8.363594124659391
2241,-8.363594124659391
2242,-8.363594124659391
2243,-8.363594124659391
2244,-8.363594124659391
2245,-8.363594124659391
2246,-8.363594124659391
2247,-8.363594124659391
2248,-8.363594124659391
2249,-8.363594124659391
2250,-8.363594124659391
2251,-8.363594124659391
2252,-8.363594124659391
2253,-8.363594124659391
2254,-8.363594124659391
2255,-8.363594124659391
2256,-8.363594124659391
2257,-8.363594124659391
2258,-8.363594124659391
2259,-8.363594124659391
2260,-8.363594124659391
2261,-8.363594124659391
2262,-8.363594124659391
2263,-8.363594124659391
2264,-8.363594124659391
2265,-8.363594124659391
2266,-8.363594124659391
2267,-8.363594124659391
2268,-8.363594124659391
2269,-8.363594124659391
2270,-8.363594124659391
2271,-8.363594124659391
2272,-8.363594124659391
2273,-8.363594124659391
2274,-8.363594124659391
2275,-8.363594124659391
2276,-8.363594124659391
2277,-8.363594124659391
2278,-8.363594124659391
2279,-8.363594124659391
2280,-8.363594124659391
2281,-8.363594124659391
2282,-8.363594124659391
2283,-8.363594124659391
2284,-8.363594124659391
2285,-8.363594124659391
2286,-8.363594124659391
2287,-8.363594124659391
2288,-8.363594124659391
2289,-8.363594124659391
2290,-8.363594124659391
2291,-8.363594124659391
2292,-8.363594124659391
2293,-8.363594124659391
2294,-8.363594124659391
2295,-8.363594124659391
2296,-8.363594124659391
2297,-8.363594124659391
2298,-8.363594124659391
2299,-8.363594124659391
2300,-8.363594124659391
2301,-8.363594124659391
2302,-8.363594124659391
2303,-8.363594124659391
2304,-8.363594124659391
2305,-8.363594124659391
2306,-8.363594124659391
2307,-8.363594124659391
2308,-8.363594124659391
2309,-8.363594124659391
2310,-8.363594124659391
2311,-8.363594124659391
2312,-8.363594124659391
2313,-8.363594124659391
2314,-8.363594124659391
2315,-8.363594124659391
2316,-8.363594124659391
2317,-8.363594124659391
2318,-8.363594124659391
2319,-8.363594124659391
2320,-8.363594124659391
2321,-8.363594124659391
2322,-8.363594124659391
2323,-8.363594124659391
2324,-8.363594124659391
2325,-8.363594124659391
2326,-8.363594124659391
2327,-8.363594124659391
2328,-8.363594124659391
2329,-8.363594124659391
2330,-8.363594124659391
2331,-8.363594124659391
2332,-8.363594124659391
2333,-8.363594124659391
2334,-8.363594124659391
2335,-8.363594124659391
2336,-8.363594124659391
2337,-8.363594124659391
2338,-8.363594124659391
2339,-8.363594124659391
2340,-8.363594124659391
2341,-8.363594124659391
2342,-8.363594124659391
2343,-8.363594124659391
2344,-8.363594124659391
2345,-8.363594124659391
2346,-8.363594124659391
2347,-8.363594124659391
2348,-8.363594124659391
2349,-8.363594124659391
2350,-8.363594124659391
2351,-8.363594124659391
2352,-8.363594124659391
2353,-8.363594124659391
2354,-8.363594124659391
2355,-8.363594124659391
2356,-8.363594124659391
2357,-8.363594124659391
2358,-8.363594124659391
2359,-8.363594124659391
2360,-8.363594124659391
2361,-8.363594124659391
2362,-8.363594124659391
2363,-8.363594124659391
2364,-8.363594124659391
2365,-8.363594124659391
2366,-8.363594124659391
2367,-8.363594124659391
2368,-8.363594124659391
2369,-8.363594124659391
2370,-8.363594124659391
2371,-8.363594124659391
2372,-8.363594124659391
2373,-8.363594124659391
2374,-8.363594124659391
2375,-8.363594124659391
2376,-8.363594124659391
2377,-8.363594124659391
2378,-8.363594124659391
2379,-8.363594124659391
2380,-8.363594124659391
2381,-8.363594124659391
2382,-8.363594124659391
2383,-8.363594124659391
2384,-8.363594124659391
2385,-8.363594124659391
2386,-8.363594124659391
2387,-8.363594124659391
2388,-8.363594124659391
2389,-8.363594124659391
2390,-8.363594124659391
2391,-8.363594124659391
2392,-8.363594124659391
2393,-8.363594124659391
2394,-8.363594124659391
2395,-8.363594124659391
2396,-8.363594124659391
2397,-8.363594124659391
2398,-8.363594124659391
2399,-8.363594124659391
2400,-8.363594124659391
2401,-8.363594124659391
2402,-8.363594124659391
2403,-8.363594124659391
2404,-8.363594124659391
2405,-8.363594124659391
2406,-8.363594124659391
2407,-8.363594124659391
2408,-8.363594124659391
2409,-8.363594124659391
2410,-8.363594124659391
2411,-8.363594124659391
2412,-8.363594124659391
2413,-8.363594124659391
2414,-8.363594124659391
2415,-8.363594124659391
2416,-8.363594124659391
2417,-8.363594124659391
2418,-8.363594124659391
2419,-8.363594124659391
2420,-8.363594124659391
2421,-8.363594124659391
2422,-8.363594124659391
2423,-8.363594124659391
2424,-8.363594124659391
2425,-8.363594124659391
2426,-8.363594124659391
2427,-8.363594124659391
2428,-8.363594124659391
2429,-8.363594124659391
2430,-8.363594124659391
2431,-8.363594124659391
2432,-8.363594124659391
2433,-8.363594124659391
2434,-8.363594124659391
2435,-8.363594124659391
2436,-8.363594124659391
2437,-8.363594124659391
2438,-8.363594124659391
2439,-8.363594124659391
2440,-8.363594124659391
2441,-8.363594124659391
2442,-8.363594124659391
2443,-8.363594124659391
2444,-8.363594124659391
2445,-8.363594124659391
2446,-8.363594124659391
2447,-8.363594124659391
2448,-8.363594124659391
2449,-8.363594124659391
2450,-8.363594124659391
2451,-8.363594124659391
2452,-8.363594124659391
2453,-8.363594124659391
2454,-8.363594124659391
2455,-8.363594124659391
2456,-8.363594124659391
2457,-8.363594124659391
2458,-8.363594124659391
2459,-8.363594124659391
2460,-8.363594124659391
2461,-8.363594124659391
2462,-8.363594124659391
2463,-8.363594124659391
2464,-8.363594124659391
2465,-8.363594124659391
2466,-8.363594124659391
2467,-8.363594124659391
2468,-8.363594124659391
2469,-8.363594124659391
2470,-8.363594124659391
2471,-8.363594124659391
2472,-8.363594124659391
2473,-8.363594124659391
2474,-8.363594124659391
2475,-8.363594124659391
2476,-8.363594124659391
2477,-8.363594124659391
2478,-8.363594124659391
2479,-8.363594124659391
2480,-8.363594124659391
2481,-8.363594124659391
2482,-8.363594124659391
2483,-8.363594124659391
2484,-8.363594124659391
2485,-8.363594124659391
2486,-8.363594124659391
2487,-8.363594124659391
2488,-8.363594124659391
2489,-8.363594124659391
2490,-8.363594124659391
2491,-8.363594124659391
2492,-8.363594124659391
2493,-8.363594124659391
2494,-8.363594124659391
2495,-8.363594124659391
2496,-8.363594124659391
2497,-8.363594124659391
2498,-8.363594124659391
2499,-8.363594124659391
2500,-8.363594124659391
2501,-8.363594124659391
2502,-8.363594124659391
2503,-8.363594124659391
2504,-8.363594124659391
2505,-8.363594124659391
2506,-8.363594124659391
2507,-8.363594124659391
2508,-8.363594124659391
2509,-8.363594124659391
2510,-8.363594124659391
2511,-8.363594124659391
2512,-8.363594124659391
2513,-8.363594124659391
2514,-8.363594124659391
2515,-8.363594124659391
2516,-8.363594124659391
2517,-8.363594124659391
2518,-8.363594124659391
2519,-8.363594124659391
2520,-8.363594124659391
2521,-8.363594124659391
2522,-8.363594124659391
2523,-8.363594124659391
2524,-8.363594124659391
2525,-8.363594124659391
2526,-8.363594124659391
2527,-8.363594124659391
2528,-8.363594124659391
2529,-8.363594124659391
2530,-8.363594124659391
2531,-8.363594124659391
2532,-8.363594124659391
2533,-8.363594124659391
2534,-8.363594124659391
2535,-8.363594124659391
2536,-8.363594124659391
2537,-8.363594124659391
2538,-8.363594124659391
2539,-8.363594124659391
2540,-8.363594124659391
2541,-8.363594124659391
2542,-8.363594124659391
2543,-8.363594124659391
2544,-8.363594124659391
2545,-8.363594124659391
2546,-8.363594124659391
2547,-8.363594124659391
2548,-8.363594124659391
2549,-8.363594124659391
2550,-8.363594124659391
2551,-8.363594124659391
2552,-8.363594124659391
2553,-8.363594124659391
2554,-8.363594124659391
2555,-8.363594124659391
2556,-8.363594124659391
2557,-8.363594124659391
2558,-8.363594124659391
2559,-8.363594124659391
2560,-8.363594124659391
2561,-8.363594124659391
2562,-8.363594124659391
2563,-8.363594124659391
2564,-8.363594124659391
2565,-8.363594124659391
2566,-8.363594124659391
2567,-8.363594124659391
2568,-8.363594124659391
2569,-8.363594124659391
2570,-8.363594124659391
2571,-8.363594124659391
2572,-8.363594124659391
2573,-8.363594124659391
2574,-8.363594124659391
2575,-8.363594124659391
2576,-8.363594124659391
2577,-8.363594124659391
2578,-8.363594124659391
2579,-8.363594124659391
2580,-8.363594124659391
2581,-8.363594124659391
2582,-8.363594124659391
2583,-8.363594124659391
2584,-8.363594124659391
2585,-8.363594124659391
2586,-8.363594124659391
2587,-8.363594124659391
2588,-8.363594124659391
2589,-8.363594124659391
2590,-8.363594124659391
2591,-8.363594124659391
2592,-8.363594124659391
2593,-8.363594124659391
2594,-8.363594124659391
2595,-8.363594124659391
2596,-8.363594124659391
2597,-8.363594124659391
2598,-8.363594124659391
2599,-8.363594124659391
2600,-8.363594124659391
2601,-8.363594124659391
2602,-8.363594124659391
2603,-8.363594124659391
2604,-8.363594124659391
2605,-8.363594124659391
2606,-8.363594124659391
2607,-8.363594124659391
2608,-8.363594124659391
2609,-8.363594124659391
2610,-8.363594124659391
2611,-8.363594124659391
2612,-8.363594124659391
2613,-8.363594124659391
2614,-8.363594124659391
2615,-8.363594124659391
2616,-8.363594124659391
2617,-8.363594124659391
2618,-8.363594124659391
2619,-8.363594124659391
2620,-8.363594124659391
2621,-8.363594124659391
2622,-8.363594124659391
2623,-8.363594124659391
2624,-8.363594124659391
2625,-8.363594124659391
2626,-8.363594124659391
2627,-8.363594124659391
2628,-8.363594124659391
2629,-8.363594124659391
2630,-8.363594124659391
2631,-8.363594124659391
2632,-8.363594124659391
2633,-8.363594124659391
2634,-8.363594124659391
2635,-8.363594124659391
2636,-8.363594124659391
2637,-8.363594124659391
2638,-8.363594124659391
2639,-8.363594124659391
2640,-8.363594124659391
2641,-8.363594124659391
2642,-8.363594124659391
2643,-8.363594124659391
2644,-8.363594124659391
2645,-8.363594124659391
2646,-8.363594124659391
2647,-8.363594124659391
2648,-8.363594124659391
2649,-8.363594124659391
2650,-8.363594124659391
2651,-8.363594124659391
2652,-8.363594124659391
2653,-8.363594124659391
2654,-8.363594124659391
2655,-8.363594124659391
2656,-8.363594124659391
2657,-8.363594124659391
2658,-8.363594124659391
2659,-8.363594124659391
2660,-8.363594124659391
2661,-8.363594124659391
2662,-8.363594124659391
2663,-8.363594124659391
2664,-8.363594124659391
2665,-8.363594124659391
2666,-8.363594124659391
2667,-8.363594124659391
2668,-8.363594124659391
2669,-8.363594124659391
2670,-8.363594124659391
2671,-8.363594124659391
2672,-8.363594124659391
2673,-8.363594124659391
2674,-8.363594124659391
2675,-8.363594124659391
2676,-8.363594124659391
2677,-8.363594124659391
2678,-8.363594124659391
2679,-8.363594124659391
2680,-8.363594124659391
2681,-8.363594124659391
2682,-8.363594124659391
2683,-8.363594124659391
2684,-8.363594124659391
2685,-8.363594124659391
2686,-8.363594124659391
2687,-8.363594124659391
2688,-8.363594124659391
2689,-8.363594124659391
2690,-8.363594124659391
2691,-8.363594124659391
2692,-8.363594124659391
2693,-8.363594124659391
2694,-8.363594124659391
2695,-8.363594124659391
2696,-8.363594124659391
2697,-8.363594124659391
2698,-8.363594124659391
2699,-8.363594124659391
2700,-8.363594124659391
2701,-8.363594124659391
2702,-8.363594124659391
2703,-8.363594124659391
2704,-8.363594124659391
2705,-8.363594124659391
2706,-8.363594124659391
2707,-8.363594124659391
2708,-8.363594124659391
2709,-8.363594124659391
2710,-8.363594124659391
2711,-8.363594124659391
2712,-8.363594124659391
2713,-8.363594124659391
2714,-8.363594124659391
2715,-8.363594124659391
2716,-8.363594124659391
2717,-8.363594124659391
2718,-8.363594124659391
2719,-8.363594124659391
2720,-8.363594124659391
2721,-8.363594124659391
2722,-8.363594124659391
2723,-8.363594124659391
2724,-8.363594124659391
2725,-8.363594124659391
2726,-8.363594124659391
2727,-8.363594124659391
2728,-8.363594124659391
2729,-8.363594124659391
2730,-8.363594124659391
2731,-8.363594124659391
2732,-8.363594124659391
2733,-8.363594124659391
2734,-8.363594124659391
2735,-8.363594124659391
2736,-8.363594124659391
2737,-8.363594124659391
2738,-8.363594124659391
2739,-8.363594124659391
2740,-8.363594124659391
2741,-8.363594124659391
2742,-8.363594124659391
2743,-8.363594124659391
2744,-8.363594124659391
2745,-8.363594124659391
2746,-8.363594124659391
2747,-8.363594124659391
2748,-8.363594124659391
2749,-8.363594124659391
2750,-8.363594124659391
2751,-8.363594124659391
2752,-8.363594124659391
2753,-8.363594124659391
2754,-8.363594124659391
2755,-8.363594124659391
2756,-8.363594124659391
2757,-8.363594124659391
2758,-8.363594124659391
2759,-8.363594124659391
2760,-8.363594124659391
2761,-8.363594124659391
2762,-8.363594124659391
2763,-8.363594124659391
2764,-8.363594124659391
2765,-8.363594124659391
2766,-8.363594124659391
2767,-8.363594124659391
2768,-8.363594124659391
2769,-8.363594124659391
2770,-8.363594124659391
2771,-8.363594124659391
2772,-8.363594124659391
2773,-8.363594124659391
2774,-8.363594124659391
2775,-8.363594124659391
2776,-8.363594124659391
2777,-8.363594124659391
2778,-8.363594124659391
2779,-8.363594124659391
2780,-33.26479137339325
2781,-33.26479137339325
2782,-33.26479137339325
2783,-33.26479137339325
2784,-33.26479137339325
2785,-33.26479137339325
2786,-33.26479137339325
2787,-33.26479137339325
2788,-33.26479137339325
2789,-33.26479137339325
2790,-33.26479137339325
2791,-33.26479137339325
2792,-33.26479137339325
2793,-33.26479137339325
2794,-33.26479137339325
2795,-33.26479137339325
2796,-33.26479137339325
2797,-33.26479137339325
2798,-33.26479137339325
2799,-33.26479137339325
2800,-33.26479137339325
2801,-33.26479137339325
2802,-33.26479137339325
2803,-33.26479137339325
2804,-33.26479137339325
2805,-33.26479137339325
2806,-33.26479137339325
2807,-33.26479137339325
2808,-33.26479137339325
2809,-33.26479137339325
2810,-33.26479137339325
2811,-33.26479137339325
2812,-33.26479137339325
2813,-33.26479137339325
2814,-33.26479137339325
2815,-33.26479137339325
2816,-33.26479137339325
2817,-33.26479137339325
2818,-33.26479137339325
2819,-33.26479137339325
2820,-33.26479137339325
2821,-33.26479137339325
2822,-33.26479137339325
2823,-33.26479137339325
2824,-33.26479137339325
2825,-33.26479137339325
2826,-33.26479137339325
2827,-33.26479137339325
2828,-33.26479137339325
2829,-33.26479137339325
2830,-33.26479137339325
2831,-33.26479137339325
2832,-33.26479137339325
2833,-33.26479137339325
2834,-33.26479137339325
2835,-33.26479137339325
2836,-33.26479137339325
2837,-33.26479137339325
2838,-33.26479137339325
2839,-33.26479137339325
2840,-33.26479137339325
2841,-33.26479137339325
2842,-33.26479137339325
2843,-33.26479137339325
2844,-33.26479137339325
2845,-33.26479137339325
2846,-33.26479137339325
2847,-33.26479137339325
2848,-33.26479137339325
2849,-33.26479137339325
2850,-33.26479137339325
2851,-33.26479137339325
2852,-33.26479137339325
2853,-33.26479137339325
2854,-33.26479137339325
2855,-33.26479137339325
2856,-33.26479137339325
2857,-33.26479137339325
2858,-33.26479137339325
2859,-33.26479137339325
2860,-33.26479137339325
2861,-33.26479137339325
2862,-33.26479137339325
2863,-33.26479137339325
2864,-33.26479137339325
2865,-33.26479137339325
2866,-33.26479137339325
2867,-33.26479137339325
2868,-33.26479137339325
2869,-33.26479137339325
2870,-33.26479137339325
2871,-33.26479137339325
2872,-33.26479137339325
2873,-33.26479137339325
2874,-33.26479137339325
2875,-33.26479137339325
2876,-33.26479137339325
2877,-33.26479137339325
2878,-33.26479137339325
2879,-33.26479137339325
2880,-33.26479137339325
2881,-33.26479137339325
2882,-33.26479137339325
2883,-33.26479137339325
2884,-33.26479137339325
2885,-33.26479137339325
2886,-33.26479137339325
2887,-33.26479137339325
2888,-33.26479137339325
2889,-33.26479137339325
2890,-33.26479137339325
2891,-33.26479137339325
2892,-33.26479137339325
2893,-33.26479137339325
2894,-33.26479137339325
2895,-33.26479137339325
2896,-33.26479137339325
2897,-33.26479137339325
2898,-33.26479137339325
2899,-33.26479137339325
2900,-33.26479137339325
2901,-33.26479137339325
2902,-33.26479137339325
2903,-33.26479137339325
2904,-33.26479137339325
2905,-33.26479137339325
2906,-33.26479137339325
2907,-33.26479137339325
2908,-33.26479137339325
2909,-33.26479137339325
2910,-33.26479137339325
2911,-33.26479137339325
2912,-33.26479137339325
2913,-33.26479137339325
2914,-33.26479137339325
2915,-33.26479137339325
2916,-33.26479137339325
2917,-33.26479137339325
2918,-33.26479137339325
2919,-33.26479137339325
2920,-33.26479137339325
2921,-33.26479137339325
2922,-33.26479137339325
2923,-33.26479137339325
2924,-33.26479137339325
2925,-33.26479137339325
2926,-33.26479137339325
2927,-33.26479137339325
2928,-33.26479137339325
2929,-33.26479137339325
2930,-33.26479137339325
2931,-33.26479137339325
2932,-33.26479137339325
2933,-33.26479137339325
2934,-33.26479137339325
2935,-33.26479137339325
2936,-33.26479137339325
2937,-33.26479137339325
2938,-33.26479137339325
2939,-33.26479137339325
2940,-33.26479137339325
2941,-33.26479137339325
2942,-33.26479137339325
2943,-33.26479137339325
2944,-33.26479137339325
2945,-33.26479137339325
2946,-33.26479137339325
2947,-33.26479137339325
2948,-33.26479137339325
2949,-33.26479137339325
2950,-33.26479137339325
2951,-33.26479137339325
2952,-33.26479137339325
2953,-33.26479137339325
2954,-33.26479137339325
2955,-33.26479137339325
2956,-33.26479137339325
2957,-33.26479137339325
2958,-33.26479137339325
2959,-33.26479137339325
2960,-33.26479137339325
2961,-33.26479137339325
2962,-33.26479137339325
2963,-33.26479137339325
2964,-33.26479137339325
2965,-33.26479137339325
2966,-33.26479137339325
2967,-33.26479137339325
2968,-33.26479137339325
2969,-33.26479137339325
2970,-33.26479137339325
2971,-33.26479137339325
2972,-33.26479137339325
2973,-33.26479137339325
2974,-33.26479137339325
2975,-33.26479137339325
2976,-33.26479137339325
2977,-33.26479137339325
2978,-33.26479137339325
2979,-33.26479137339325
2980,-33.26479137339325
2981,-33.26479137339325
2982,-33.26479137339325
2983,-33.26479137339325
2984,-33.26479137339325
2985,-33.26479137339325
2986,-33.26479137339325
2987,-33.26479137339325
2988,-33.26479137339325
2989,-33.26479137339325
2990,-33.26479137339325
2991,-33.26479137339325
2992,-33.26479137339325
2993,-33.26479137339325
2994,-33.26479137339325
2995,-33.26479137339325
2996,-33.26479137339325
2997,-33.26479137339325
2998,-33.26479137339325
2999,-33.26479137339325
3000,-33.26479137339325
3001,-33.26479137339325
3002,-33.26479137339325
3003,-33.26479137339325
3004,-33.26479137339325
3005,-33.26479137339325
3006,-33.26479137339325
3007,-33.26479137339325
3008,-33.26479137339325
3009,-33.26479137339325
3010,-33.26479137339325
3011,-33.26479137339325
3012,-33.26479137339325
3013,-33.26479137339325
3014,-33.26479137339325
3015,-33.26479137339325
3016,-33.26479137339325
3017,-33.26479137339325
3018,-33.26479137339325
3019,-33.26479137339325
3020,-33.26479137339325
3021,-33.26479137339325
3022,-33.26479137339325
3023,-33.26479137339325
3024,-33.26479137339325
3025,-33.26479137339325
3026,-33.26479137339325
3027,-33.26479137339325
3028,-33.26479137339325
3029,-33.26479137339325
3030,-33.26479137339325
3031,-33.26479137339325
3032,-33.26479137339325
3033,-33.26479137339325
3034,-33.26479137339325
3035,-33.26479137339325
3036,-33.26479137339325
3037,-33.26479137339325
3038,-33.26479137339325
3039,-33.26479137339325
3040,-33.26479137339325
3041,-33.26479137339325
3042,-33.26479137339325
3043,-33.26479137339325
3044,-33.26479137339325
3045,-33.26479137339325
3046,-33.26479137339325
3047,-33.26479137339325
3048,-33.26479137339325
3049,-33.26479137339325
3050,-33.26479137339325
3051,-33.26479137339325
3052,-33.26479137339325
3053,-33.26479137339325
3054,-33.26479137339325
3055,-33.26479137339325
3056,-33.26479137339325
3057,-33.26479137339325
3058,-33.26479137339325
3059,-33.26479137339325
3060,-33.26479137339325
3061,-33.26479137339325
3062,-33.26479137339325
3063,-33.26479137339325
3064,-33.26479137339325
3065,-33.26479137339325
3066,-33.26479137339325
3067,-33.26479137339325
3068,-33.26479137339325
3069,-33.26479137339325
3070,-33.26479137339325
3071,-33.26479137339325
3072,-33.26479137339325
3073,-33.26479137339325
3074,-33.26479137339325
3075,-33.26479137339325
3076,-33.26479137339325
3077,-33.26479137339325
3078,-33.26479137339325
3079,-33.26479137339325
3080,-33.26479137339325
3081,-33.26479137339325
3082,-33.26479137339325
3083,-33.26479137339325
3084,-33.26479137339325
3085,-33.26479137339325
3086,-33.26479137339325
3087,-33.26479137339325
3088,-33.26479137339325
3089,-33.26479137339325
3090,-33.26479137339325
3091,-33.26479137339325
3092,-33.26479137339325
3093,-33.26479137339325
3094,-33.26479137339325
3095,-33.26479137339325
3096,-33.26479137339325
3097,-33.26479137339325
3098,-33.26479137339325
3099,-33.26479137339325
3100,-33.26479137339325
3101,-33.26479137339325
3102,-33.26479137339325
3103,-33.26479137339325
3104,-33.26479137339325
3105,-33.26479137339325
3106,-33.26479137339325
3107,-33.26479137339325
3108,-33.26479137339325
3109,-33.26479137339325
3110,-33.26479137339325
3111,-33.26479137339325
3112,-33.26479137339325
3113,-33.26479137339325
3114,-33.26479137339325
3115,-33.26479137339325
3116,-33.26479137339325
3117,-33.26479137339325
3118,-33.26479137339325
3119,-33.26479137339325
3120,-33.26479137339325
3121,-33.26479137339325
3122,-33.26479137339325
3123,-33.26479137339325
3124,-33.26479137339325
3125,-33.26479137339325
3126,-33.26479137339325
3127,-33.26479137339325
3128,-33.26479137339325
3129,-33.26479137339325
3130,-33.26479137339325
3131,-33.26479137339325
3132,-33.26479137339325
3133,-33.26479137339325
3134,-33.26479137339325
3135,-33.26479137339325
3136,-33.26479137339325
3137,-33.26479137339325
3138,-33.26479137339325
3139,-33.26479137339325
3140,-33.26479137339325
3141,-33.26479137339325
3142,-33.26479137339325
3143,-33.26479137339325
3144,-33.26479137339325
3145,-33.26479137339325
3146,-33.26479137339325
3147,-33.26479137339325
3148,-33.26479137339325
3149,-33.26479137339325
3150,-33.26479137339325
3151,-33.26479137339325
3152,-33.26479137339325
3153,-33.26479137339325
3154,-33.26479137339325
3155,-33.26479137339325
3156,-33.26479137339325
3157,-33.26479137339325
3158,-33.26479137339325
3159,-33.26479137339325
3160,-33.26479137339325
3161,-33.26479137339325
3162,-33.26479137339325
3163,-33.26479137339325
3164,-33.26479137339325
3165,-33.26479137339325
3166,-33.26479137339325
3167,-33.26479137339325
3168,-33.26479137339325
3169,-33.26479137339325
3170,-33.26479137339325
3171,-33.26479137339325
3172,-33.26479137339325
3173,-33.26479137339325
3174,-33.26479137339325
3175,-33.26479137339325
3176,-33.26479137339325
3177,-33.26479137339325
3178,-33.26479137339325
3179,-33.26479137339325
3180,-33.26479137339325
3181,-33.26479137339325
3182,-33.26479137339325
3183,-33.26479137339325
3184,-33.26479137339325
3185,-33.26479137339325
3186,-33.26479137339325
3187,-33.26479137339325
3188,-33.26479137339325
3189,-33.26479137339325
3190,-33.26479137339325
3191,-33.26479137339325
3192,-33.26479137339325
3193,-33.26479137339325
3194,-33.26479137339325
3195,-33.26479137339325
3196,-33.26479137339325
3197,-33.26479137339325
3198,-33.26479137339325
3199,-33.26479137339325
3200,-33.26479137339325
3201,-33.26479137339325
3202,-33.26479137339325
3203,-33.26479137339325
3204,-33.26479137339325
3205,-33.26479137339325
3206,-33.26479137339325
3207,-33.26479137339325
3208,-33.26479137339325
3209,-33.26479137339325
3210,-33.26479137339325
3211,-33.26479137339325
3212,-33.26479137339325
3213,-33.26479137339325
3214,-33.26479137339325
3215,-33.26479137339325
3216,-33.26479137339325
3217,-33.26479137339325
3218,-33.26479137339325
3219,-33.26479137339325
3220,-33.26479137339325
3221,-33.26479137339325
3222,-33.26479137339325
3223,-33.26479137339325
3224,-33.26479137339325
3225,-33.26479137339325
3226,-33.26479137339325
3227,-33.26479137339325
3228,-33.26479137339325
3229,-33.26479137339325
3230,-33.26479137339325
3231,-33.26479137339325
3232,-33.26479137339325
3233,-33.26479137339325
3234,-33.26479137339325
3235,-33.26479137339325
3236,-33.26479137339325
3237,-33.26479137339325
3238,-33.26479137339325
3239,-33.26479137339325
3240,-33.26479137339325
3241,-33.26479137339325
3242,-33.26479137339325
3243,-33.26479137339325
3244,-33.26479137339325
3245,-33.26479137339325
3246,-33.26479137339325
3247,-33.26479137339325
3248,-33.26479137339325
3249,-33.26479137339325
3250,-33.26479137339325
3251,-33.26479137339325
3252,-33.26479137339325
3253,-33.26479137339325
3254,-33.26479137339325
3255,-33.26479137339325
3256,-33.26479137339325
3257,-33.26479137339325
3258,-33.26479137339325
3259,-33.26479137339325
3260,-33.26479137339325
3261,-33.26479137339325
3262,-33.26479137339325
3263,-33.26479137339325
3264,-33.26479137339325
3265,-33.26479137339325
3266,-33.26479137339325
3267,-33.26479137339325
3268,-33.26479137339325
3269,-33.26479137339325
3270,-33.26479137339325
3271,-33.26479137339325
3272,-33.26479137339325
3273,-33.26479137339325
3274,-33.26479137339325
3275,-33.26479137339325
3276,-33.26479137339325
3277,-33.26479137339325
3278,-33.26479137339325
3279,-33.26479137339325
3280,-33.26479137339325
3281,-33.26479137339325
3282,-33.26479137339325
3283,-33.26479137339325
3284,-33.26479137339325
3285,-33.26479137339325
3286,-33.26479137339325
3287,-33.26479137339325
3288,-33.26479137339325
3289,-33.26479137339325
3290,-33.26479137339325
3291,-33.26479137339325
3292,-33.26479137339325
3293,-33.26479137339325
3294,-33.26479137339325
3295,-33.26479137339325
3296,-33.26479137339325
3297,-33.26479137339325
3298,-33.26479137339325
3299,-33.26479137339325
3300,-33.26479137339325
3301,-33.26479137339325
3302,-33.26479137339325
3303,-33.26479137339325
3304,-33.26479137339325
3305,-33.26479137339325
3306,-33.26479137339325
3307,-33.26479137339325
3308,-33.26479137339325
3309,-33.26479137339325
3310,-33.26479137339325
3311,-33.26479137339325
3312,-33.26479137339325
3313,-33.26479137339325
3314,-33.26479137339325
3315,-33.26479137339325
3316,-33.26479137339325
3317,-33.26479137339325
3318,-33.26479137339325
3319,-33.26479137339325
3320,-33.26479137339325
3321,-33.26479137339325
3322,-33.26479137339325
3323,-33.26479137339325
3324,-33.26479137339325
3325,-33.26479137339325
3326,-33.26479137339325
3327,-33.26479137339325
3328,-33.26479137339325
3329,-33.26479137339325
3330,-33.26479137339325
3331,-33.26479137339325
3332,-33.26479137339325
3333,-33.26479137339325
3334,-33.26479137339325
3335,-33.26479137339325
3336,-33.26479137339325
3337,-33.26479137339325
3338,-33.26479137339325
3339,-33.26479137339325
3340,-33.26479137339325
3341,-33.26479137339325
3342,-33.26479137339325
3343,-33.26479137339325
3344,-33.26479137339325
3345,-33.26479137339325
3346,-33.26479137339325
3347,-33.26479137339325
3348,-33.26479137339325
3349,-33.26479137339325
3350,-33.26479137339325
3351,-33.26479137339325
3352,-33.26479137339325
3353,-33.26479137339325
3354,-33.26479137339325
3355,-33.26479137339325
3356,-33.26479137339325
3357,-33.26479137339325
3358,-33.26479137339325
3359,-33.26479137339325
3360,-33.26479137339325
3361,-33.26479137339325
3362,-33.26479137339325
3363,-33.26479137339325
3364,-33.26479137339325
3365,-33.26479137339325
3366,-33.26479137339325
3367,-33.26479137339325
3368,-33.26479137339325
3369,-33.26479137339325
3370,-33.26479137339325
3371,-33.26479137339325
3372,-33.26479137339325
3373,-33.26479137339325
3374,-33.26479137339325
3375,-33.26479137339325
3376,-33.26479137339325
3377,-33.26479137339325
3378,-33.26479137339325
3379,-33.26479137339325
3380,-33.26479137339325
3381,-33.26479137339325
3382,-33.26479137339325
3383,-33.26479137339325
3384,-33.26479137339325
3385,-33.26479137339325
3386,-33.26479137339325
3387,-33.26479137339325
3388,-33.26479137339325
3389,-33.26479137339325
3390,-33.26479137339325
3391,-33.26479137339325
3392,-33.26479137339325
3393,-33.26479137339325
3394,-33.26479137339325
3395,-33.26479137339325
3396,-33.26479137339325
3397,-33.26479137339325
3398,-33.26479137339325
3399,-33.26479137339325
3400,-33.26479137339325
3401,-33.26479137339325
3402,-33.26479137339325
3403,-33.26479137339325
3404,-33.26479137339325
3405,-33.26479137339325
3406,-33.26479137339325
3407,-33.26479137339325
3408,-33.26479137339325
3409,-33.26479137339325
3410,-33.26479137339325
3411,-33.26479137339325
3412,-33.26479137339325
3413,-33.26479137339325
3414,-33.26479137339325
3415,-33.26479137339325
3416,-33.26479137339325
3417,-33.26479137339325
3418,-33.26479137339325
3419,-33.26479137339325
3420,-33.26479137339325
3421,-33.26479137339325
3422,-33.26479137339325
3423,-33.26479137339325
3424,-33.26479137339325
3425,-33.26479137339325
3426,-33.26479137339325
3427,-33.26479137339325
3428,-33.26479137339325
3429,-33.26479137339325
3430,-33.26479137339325
3431,-33.26479137339325
3432,-33.26479137339325
3433,-33.26479137339325
3434,-33.26479137339325
3435,-33.26479137339325
3436,-33.26479137339325
3437,-33.26479137339325
3438,-33.26479137339325
3439,-33.26479137339325
3440,-33.26479137339325
3441,-33.26479137339325
3442,-33.26479137339325
3443,-33.26479137339325
3444,-33.26479137339325
3445,-33.26479137339325
3446,-33.26479137339325
3447,-33.26479137339325
3448,-33.26479137339325
3449,-33.26479137339325
3450,-33.26479137339325
3451,-33.26479137339325
3452,-33.26479137339325
3453,-33.26479137339325
3454,-33.26479137339325
3455,-33.26479137339325
3456,-33.26479137339325
3457,-33.26479137339325
3458,-33.26479137339325
3459,-33.26479137339325
3460,-33.26479137339325
3461,-33.26479137339325
3462,-33.26479137339325
3463,-33.26479137339325
3464,-33.26479137339325
3465,-33.26479137339325
3466,-33.26479137339325
3467,-33.26479137339325
3468,-33.26479137339325
3469,-33.26479137339325
3470,-33.26479137339325
3471,-33.26479137339325
3472,-33.26479137339325
3473,-33.26479137339325
3474,-33.26479137339325
3475,-33.26479137339325
3476,-33.26479137339325
3477,-33.26479137339325
3478,-33.26479137339325
3479,-33.26479137339325
3480,-33.26479137339325
3481,-33.26479137339325
3482,-33.26479137339325
3483,-33.26479137339325
3484,-33.26479137339325
3485,-33.26479137339325
3486,-33.26479137339325
3487,-33.26479137339325
3488,-33.26479137339325
3489,-33.26479137339325
3490,-33.26479137339325
3491,-33.26479137339325
3492,-33.26479137339325
3493,-33.26479137339325
3494,-33.26479137339325
3495,-33.26479137339325
3496,-33.26479137339325
3497,-33.26479137339325
3498,-33.26479137339325
3499,-33.26479137339325
3500,-33.26479137339325
3501,-33.26479137339325
3502,-33.26479137339325
3503,-33.26479137339325
3504,-33.26479137339325
3505,-33.26479137339325
3506,-33.26479137339325
3507,-33.26479137339325
3508,-33.26479137339325
3509,-33.26479137339325
3510,-33.26479137339325
3511,-33.26479137339325
3512,-33.26479137339325
3513,-33.26479137339325
3514,-33.26479137339325
3515,-33.26479137339325
3516,-33.26479137339325
3517,-33.26479137339325
3518,-33.26479137339325
3519,-33.26479137339325
3520,-33.26479137339325
3521,-33.26479137339325
3522,-33.26479137339325
3523,-33.26479137339325
3524,-33.26479137339325
3525,-33.26479137339325
3526,-33.26479137339325
3527,-33.26479137339325
3528,-33.26479137339325
3529,-33.26479137339325
3530,-33.26479137339325
3531,-33.26479137339325
3532,-33.26479137339325
3533,-33.26479137339325
3534,-33.26479137339325
3535,-33.26479137339325
3536,-33.26479137339325
3537,-33.26479137339325
3538,-33.26479137339325
3539,-33.26479137339325
3540,-33.26479137339325
3541,-33.691669040514405
3542,-33.691669040514405
3543,-33.691669040514405
3544,-33.691669040514405
3545,-33.691669040514405
3546,-33.691669040514405
3547,-33.691669040514405
3548,-33.691669040514405
3549,-33.691669040514405
3550,-33.691669040514405
3551,-33.691669040514405
3552,-33.691669040514405
3553,-33.691669040514405
3554,-33.691669040514405
3555,-33.691669040514405
3556,-33.691669040514405
3557,-33.691669040514405
3558,-33.691669040514405
3559,-33.691669040514405
3560,-33.691669040514405
3561,-33.691669040514405
3562,-33.691669040514405
3563,-33.691669040514405
3564,-33.691669040514405
3565,-33.691669040514405
3566,-33.691669040514405
3567,-33.691669040514405
3568,-33.691669040514405
3569,-33.691669040514405
3570,-33.691669040514405
3571,-33.691669040514405
3572,-33.691669040514405
3573,-33.691669040514405
3574,-33.691669040514405
3575,-33.691669040514405
3576,-33.691669040514405
3577,-33.691669040514405
3578,-33.691669040514405
3579,-33.691669040514405
3580,-33.691669040514405
3581,-33.691669040514405
3582,-33.691669040514405
3583,-33.691669040514405
3584,-33.691669040514405
3585,-33.691669040514405
3586,-33.691669040514405
3587,-33.691669040514405
3588,-33.691669040514405
3589,-33.691669040514405
3590,-33.691669040514405
3591,-33.691669040514405
3592,-33.691669040514405
3593,-33.691669040514405
3594,-33.691669040514405
3595,-33.691669040514405
3596,-33.691669040514405
3597,-33.691669040514405
3598,-33.691669040514405
3599,-33.691669040514405
3600,-33.691669040514405
3601,-33.691669040514405
3602,-33.691669040514405
3603,-33.691669040514405
3604,-33.691669040514405
3605,-33.691669040514405
3606,-33.691669040514405
3607,-33.691669040514405
3608,-33.691669040514405
3609,-33.691669040514405
3610,-33.691669040514405
3611,-33.691669040514405
3612,-33.691669040514405
3613,-33.691669040514405
3614,-33.691669040514405
3615,-33.691669040514405
3616,-33.691669040514405
3617,-33.691669040514405
3618,-33.691669040514405
3619,-33.691669040514405
3620,-33.691669040514405
3621,-33.691669040514405
3622,-33.691669040514405
3623,-33.691669040514405
3624,-33.691669040514405
3625,-33.691669040514405
3626,-33.691669040514405
3627,-33.691669040514405
3628,-33.691669040514405
3629,-33.691669040514405
3630,-33.691669040514405
3631,-33.691669040514405
3632,-33.691669040514405
3633,-33.691669040514405
3634,-33.691669040514405
3635,-33.691669040514405
3636,-33.691669040514405
3637,-33.691669040514405
3638,-33.691669040514405
3639,-33.691669040514405
3640,-33.691669040514405
3641,-33.691669040514405
3642,-33.691669040514405
3643,-33.691669040514405
3644,-33.691669040514405
3645,-33.691669040514405
3646,-33.691669040514405
3647,-33.691669040514405
3648,-33.691669040514405
3649,-33.691669040514405
3650,-33.691669040514405
3651,-33.691669040514405
3652,-33.691669040514405
3653,-33.691669040514405
3654,-33.691669040514405
3655,-33.691669040514405
3656,-33.691669040514405
3657,-33.691669040514405
3658,-33.691669040514405
3659,-33.691669040514405
3660,-33.691669040514405
3661,-33.691669040514405
3662,-33.691669040514405
3663,-33.691669040514405
3664,-33.691669040514405
3665,-33.691669040514405
3666,-33.691669040514405
3667,-33.691669040514405
3668,-33.691669040514405
3669,-33.691669040514405
3670,-33.691669040514405
3671,-33.691669040514405
3672,-33.691669040514405
3673,-33.691669040514405
3674,-33.691669040514405
3675,-33.691669040514405
3676,-33.691669040514405
3677,-33.691669040514405
3678,-33.691669040514405
3679,-33.691669040514405
3680,-33.691669040514405
3681,-33.691669040514405
3682,-33.691669040514405
3683,-33.691669040514405
3684,-33.691669040514405
3685,-33.691669040514405
3686,-33.691669040514405
3687,-33.691669040514405
3688,-33.691669040514405
3689,-33.691669040514405
3690,-33.691669040514405
3691,-33.691669040514405
3692,-33.691669040514405
3693,-33.691669040514405
3694,-33.691669040514405
3695,-33.691669040514405
3696,-33.691669040514405
3697,-33.691669040514405
3698,-33.691669040514405
3699,-33.691669040514405
3700,-33.691669040514405
3701,-33.691669040514405
3702,-33.691669040514405
3703,-33.691669040514405
3704,-33.691669040514405
3705,-33.691669040514405
3706,-33.691669040514405
3707,-33.691669040514405
3708,-33.691669040514405
3709,-33.691669040514405
3710,-33.691669040514405
3711,-33.691669040514405
3712,-33.691669040514405
3713,-33.691669040514405
3714,-33.691669040514405
3715,-33.691669040514405
3716,-33.691669040514405
3717,-33.691669040514405
3718,-33.691669040514405
3719,-33.691669040514405
3720,-33.691669040514405
3721,-33.691669040514405
3722,-33.691669040514405
3723,-33.691669040514405
3724,-33.691669040514405
3725,-33.691669040514405
3726,-33.691669040514405
3727,-33.691669040514405
3728,-33.691669040514405
3729,-33.691669040514405
3730,-33.691669040514405
3731,-33.691669040514405
3732,-33.691669040514405
3733,-33.691669040514405
3734,-33.691669040514405
3735,-33.691669040514405
3736,-33.691669040514405
3737,-33.691669040514405
3738,-33.691669040514405
3739,-33.691669040514405
3740,-33.691669040514405
3741,-33.691669040514405
3742,-33.691669040514405
3743,-33.691669040514405
3744,-33.691669040514405
3745,-33.691669040514405
3746,-33.691669040514405
3747,-33.691669040514405
3748,-33.691669040514405
3749,-33.691669040514405
3750,-33.691669040514405
3751,-33.691669040514405
3752,-33.691669040514405
