frame,pupil
1,1245
2,1245
3,1245
4,1245
5,1245
6,1245
7,1245
8,1245
9,1245
10,1245
11,1245
12,1245
13,1245
14,1245
15,1245
16,1245
17,1245
18,1245
19,1245
20,1245
21,1245
22,1245
23,1245
24,1245
25,1245
26,1245
27,1245
28,1245
29,1245
30,1245
31,1245
32,1245
33,1245
34,1245
35,1245
36,1245
37,1245
38,1245
39,1245
40,1245
41,1245
42,1245
43,1245
44,1245
45,1245
46,1245
47,1245
48,1245
49,1245
50,1245
51,1245
52,1245
53,1245
54,1245
55,1245
56,1245
57,1245
58,1245
59,1245
60,1245
61,1245
62,1245
63,1245
64,1245
65,1245
66,1245
67,1245
68,1245
69,1245
70,1245
71,1245
72,1245
73,1245
74,1245
75,1245
76,1245
77,1245
78,1245
79,1245
80,1245
81,1245
82,1245
83,1245
84,1245
85,1245
86,1245
87,1245
88,1245
89,1245
90,1245
91,1245
92,1245
93,1245
94,1245
95,1245
96,1245
97,1245
98,1245
99,1245
100,1245
101,1245
102,1245
103,1245
104,1245
105,1245
106,1245
107,1245
108,1245
109,1245
110,1245
111,1245
112,1245
113,1245
114,1245
115,1245
116,1245
117,1245
118,1245
119,1245
120,1245
121,1245
122,1245
123,1245
124,1245
125,1245
126,1245
127,1245
128,1245
129,1245
130,1245
131,1245
132,1245
133,1245
134,1245
135,1245
136,1245
137,1245
138,1245
139,1245
140,1245
141,1245
142,1245
143,1245
144,1245
145,1245
146,1245
147,1245
148,1245
149,1245
150,1245
151,1245
152,1245
153,1245
154,1245
155,1245
156,1245
157,1245
158,1245
159,1245
160,1245
161,1245
162,1245
163,1245
164,1245
165,1245
166,1245
167,1245
168,1245
169,1245
170,1245
171,1245
172,1245
173,1245
174,1245
175,1245
176,1245
177,1245
178,1245
179,1245
180,1245
181,1245
182,1245
183,1245
184,1245
185,1245
186,1245
187,1245
188,1245
189,1245
190,1245
191,1245
192,1245
193,1245
194,1245
195,1245
196,1245
197,1245
198,1245
199,1245
200,1245
201,1245
202,1245
203,1245
204,1245
205,1245
206,1245
207,1245
208,1245
209,1245
210,1245
211,1245
212,1245
213,1245
214,1245
215,1245
216,1245
217,1245
218,1245
219,1245
220,1245
221,1245
222,1245
223,1245
224,1245
225,1245
226,1245
227,1245
228,1245
229,1245
230,1245
231,1245
232,1245
233,1245
234,1245
235,1245
236,1245
237,1245
238,1245
239,1245
240,1245
241,1245
242,1245
243,1245
244,1245
245,1245
246,1245
247,1245
248,1245
249,1245
250,1245
251,1245
252,1245
253,1245
254,1245
255,1245
256,1245
257,1245
258,1245
259,1245
260,1245
261,1245
262,1245
263,1245
264,1245
265,1245
266,1245
267,1245
268,1245
269,1245
270,1245
271,1245
272,1245
273,1245
274,1245
275,1245
276,1245
277,1245
278,1245
279,1245
280,1245
281,1245
282,1245
283,1245
284,1245
285,1245
286,1245
287,1245
288,1245
289,1245
290,1245
291,1245
292,1245
293,1245
294,1245
295,1245
296,1245
297,1245
298,1245
299,1245
300,1245
301,1245
302,1245
303,1245
304,1245
305,1245
306,1245
307,1245
308,1245
309,1245
310,1245
311,1245
312,1245
313,1245
314,1245
315,1245
316,1245
317,1245
318,1245
319,1245
320,1245
321,1245
322,1245
323,1245
324,1245
325,1245
326,1245
327,1245
328,1245
329,1245
330,1245
331,1245
332,1245
333,1245
334,1245
335,1245
336,1245
337,1245
338,1245
339,1245
340,1245
341,1245
342,1245
343,1245
344,1245
345,1245
346,1245
347,1245
348,1245
349,1245
350,1245
351,1245
352,1245
353,1245
354,1245
355,1245
356,1245
357,1245
358,1245
359,1245
360,1245
361,1245
362,1245
363,1245
364,1245
365,1245
366,1245
367,1245
368,1245
369,1245
370,1245
371,1245
372,1245
373,1245
374,1245
375,1245
376,1245
377,1245
378,1245
379,1245
380,1245
381,1245
382,1245
383,1245
384,1245
385,1245
386,1245
387,1245
388,1245
389,1245
390,1245
391,1245
392,1245
393,1245
394,1245
395,1245
396,1245
397,1245
398,1245
399,1245
400,1245
401,1245
402,1245
403,1245
404,1245
405,1245
406,1245
407,1245
408,1245
409,1245
410,1245
411,1245
412,1245
413,1245
414,1245
415,1245
416,1245
417,1245
418,1245
419,1245
420,1245
421,1245
422,1245
423,1245
424,1245
425,1245
426,1245
427,1245
428,1245
429,1245
430,1245
431,1245
432,1245
433,1245
434,1245
435,1245
436,1245
437,1245
438,1245
439,1245
440,1245
441,1245
442,1245
443,1245
444,1245
445,1245
446,1245
447,1245
448,1245
449,1245
450,1245
451,1245
452,1245
453,1245
454,1245
455,1245
456,1245
457,1245
458,1245
459,1245
460,1245
461,1245
462,1245
463,1245
464,1245
465,1245
466,1245
467,1245
468,1245
469,1245
470,1245
471,1245
472,1245
473,1245
474,1245
475,1245
476,1245
477,1245
478,1245
479,1245
480,1245
481,1245
482,1245
483,1245
484,1245
485,1245
486,1245
487,1245
488,1245
489,1245
490,1245
491,1245
492,1245
493,1245
494,1245
495,1245
496,1245
497,1245
498,1245
499,1245
500,1245
501,1245
502,1245
503,1245
504,1245
505,1245
506,1245
507,1245
508,1245
509,1245
510,1245
511,1245
512,1245
513,1245
514,1245
515,1245
516,1245
517,1245
518,1245
519,1245
520,1245
521,1245
522,1245
523,1245
524,1245
525,1245
526,1245
527,1245
528,1245
529,1245
530,1245
531,1245
532,1245
533,1245
534,1245
535,1245
536,1245
537,1245
538,1245
539,1245
540,1245
541,1245
542,1245
543,1245
544,1245
545,1245
546,1245
547,1245
548,1245
549,1245
550,1245
551,1245
552,1245
553,1245
554,1245
555,1245
556,1245
557,1245
558,1245
559,1245
560,1245
561,1245
562,1245
563,1245
564,1245
565,1245
566,1245
567,1245
568,1245
569,1245
570,1245
571,1245
572,1245
573,1245
574,1245
575,1245
576,1245
577,1245
578,1245
579,1245
580,1245
581,1245
582,1245
583,1245
584,1245
585,1245
586,1245
587,1245
588,1245
589,1245
590,1245
591,1245
592,1245
593,1245
594,1245
595,1245
596,1245
597,1245
598,1245
599,1245
600,1245
601,1245
602,1245
603,1245
604,1245
605,1245
606,1245
607,1245
608,1245
609,1245
610,1245
611,1245
612,1245
613,1245
614,1245
615,1245
616,1245
617,1245
618,1245
619,1245
620,1245
621,1245
622,1245
623,1245
624,1245
625,1245
626,1245
627,1245
628,1245
629,1245
630,1245
631,1245
632,1245
633,1245
634,1245
635,1245
636,1245
637,1245
638,1245
639,1245
640,1245
641,1245
642,1245
643,1245
644,1245
645,1245
646,1245
647,1245
648,1245
649,1245
650,1245
651,1245
652,1245
653,1245
654,1245
655,1245
656,1245
657,1245
658,1245
659,1245
660,1245
661,1245
662,1245
663,1245
664,1245
665,1245
666,1245
667,1245
668,1245
669,1245
670,1245
671,1245
672,1245
673,1245
674,1245
675,1245
676,1245
677,1245
678,1245
679,1245
680,1245
681,1245
682,1245
683,1245
684,1142
685,1142
686,1142
687,1142
688,1142
689,1142
690,1142
691,1142
692,1142
693,1142
694,1142
695,1142
696,1142
697,1142
698,1142
699,1142
700,1142
701,1142
702,1142
703,1142
704,1142
705,1142
706,1142
707,1142
708,1142
709,1142
710,1142
711,1142
712,1142
713,1142
714,1142
715,1142
716,1142
717,1142
718,1142
719,1142
720,1142
721,1142
722,1142
723,1142
724,1142
725,1142
726,1142
727,1142
728,1142
729,1142
730,1142
731,1142
732,1142
733,1142
734,1142
735,1142
736,1142
737,1142
738,1142
739,1142
740,1142
741,1142
742,1142
743,1142
744,1142
745,1142
746,1142
747,1142
748,1142
749,1142
750,1142
751,1142
752,1142
753,1142
754,1142
755,1142
756,1142
757,1142
758,1142
759,1142
760,1142
761,1142
762,1142
763,1142
764,1142
765,1142
766,1142
767,1142
768,1142
769,1142
770,1142
771,1142
772,1142
773,1142
774,1142
775,1142
776,1142
777,1142
778,1142
779,1142
780,1142
781,1142
782,1142
783,1142
784,1142
785,1142
786,1142
787,1142
788,1142
789,1142
790,1142
791,1142
792,1142
793,1142
794,1142
795,1142
796,1142
797,1142
798,1142
799,1142
800,1142
801,1142
802,1142
803,1142
804,1142
805,1142
806,1142
807,1142
808,1142
809,1142
810,1142
811,1142
812,1142
813,1142
814,1142
815,1142
816,1142
817,1142
818,1142
819,1142
820,1142
821,1142
822,1142
823,1142
824,1142
825,1142
826,1142
827,1142
828,1142
829,1142
830,1142
831,1142
832,1142
833,1142
834,1142
835,1142
836,1142
837,1142
838,1142
839,1142
840,1142
841,1142
842,1142
843,1142
844,1142
845,1142
846,1142
847,1142
848,1142
849,1142
850,1142
851,1142
852,1142
853,1142
854,1142
855,1142
856,1142
857,1142
858,1142
859,1142
860,1142
861,1142
862,1142
863,1142
864,1142
865,1142
866,1142
867,1142
868,1142
869,1142
870,1142
871,1142
872,1142
873,1142
874,1142
875,1142
876,1142
877,1142
878,1142
879,1142
880,1142
881,1142
882,1142
883,1142
884,1142
885,1142
886,1142
887,1142
888,1142
889,1142
890,1142
891,1142
892,1142
893,1142
894,1142
895,1142
896,1142
897,1142
898,1142
899,1142
900,1142
901,1142
902,1142
903,1142
904,1142
905,1142
906,1142
907,1142
908,1142
909,1142
910,1142
911,1142
912,1142
913,1142
914,1142
915,1142
916,1142
917,1142
918,1142
919,1142
920,1142
921,1142
922,1142
923,1142
924,1142
925,1142
926,1142
927,1142
928,1142
929,1142
930,1142
931,1142
932,1142
933,1142
934,1142
935,1142
936,1142
937,1142
938,1142
939,1142
940,1142
941,1142
942,1142
943,1142
944,1142
945,1142
946,1142
947,1142
948,1142
949,1142
950,1142
951,1142
952,1142
953,1142
954,1142
955,1142
956,1142
957,1142
958,1142
959,1142
960,1142
961,1142
962,1142
963,1142
964,1142
965,1142
966,1142
967,1142
968,1142
969,1142
970,1142
971,1142
972,1142
973,1142
974,1142
975,1142
976,1142
977,1142
978,1142
979,1142
980,1142
981,1142
982,1142
983,1142
984,1142
985,1142
986,1142
987,1142
988,1142
989,1142
990,1142
991,1142
992,1142
993,1142
994,1142
995,1142
996,1142
997,1142
998,1142
999,1142
1000,1142
1001,1142
1002,1142
1003,1142
1004,1142
1005,1142
1006,1142
1007,1142
1008,1142
1009,1142
1010,1142
1011,1142
1012,1142
1013,1142
1014,1142
1015,1142
1016,1142
1017,1142
1018,1142
1019,1142
1020,1142
1021,1142
1022,1142
1023,1142
1024,1142
1025,1142
1026,1142
1027,1142
1028,1142
1029,1142
1030,1142
1031,1142
1032,1142
1033,1142
1034,1142
1035,1142
1036,1142
1037,1142
1038,1142
1039,1142
1040,1142
1041,1142
1042,1142
1043,1142
1044,1142
1045,1142
1046,1142
1047,1142
1048,1142
1049,1142
1050,1142
1051,1142
1052,1142
1053,1142
1054,1142
1055,1142
1056,1142
1057,1142
1058,1142
1059,1142
1060,1142
1061,1142
1062,1142
1063,1142
1064,1142
1065,1142
1066,1142
1067,1142
1068,1142
1069,1142
1070,1142
1071,1142
1072,1142
1073,1142
1074,1142
1075,1142
1076,1142
1077,1142
1078,1142
1079,1142
1080,1142
1081,1142
1082,1142
1083,1142
1084,1142
1085,1142
1086,1142
1087,1142
1088,1142
1089,1142
1090,1142
1091,1142
1092,1142
1093,1142
1094,1142
1095,1142
1096,1142
1097,1142
1098,1142
1099,1142
1100,1142
1101,1142
1102,1142
1103,1142
1104,1142
1105,1142
1106,1142
1107,1142
1108,1142
1109,1142
1110,1142
1111,1142
1112,1142
1113,1142
1114,1142
1115,1142
1116,1142
1117,1142
1118,1142
1119,1142
1120,1142
1121,1142
1122,1142
1123,1142
1124,1142
1125,1142
1126,1142
1127,1142
1128,1142
1129,1142
1130,1142
1131,1142
1132,1142
1133,1142
1134,1142
1135,1142
1136,1142
1137,1142
1138,1142
1139,1142
1140,1142
1141,1142
1142,1142
1143,1142
1144,1142
1145,1142
1146,1142
1147,1142
1148,1142
1149,1142
1150,1142
1151,1142
1152,1142
1153,1142
1154,1142
1155,1142
1156,1142
1157,1142
1158,1142
1159,1142
1160,1142
1161,1142
1162,1142
1163,1142
1164,1142
1165,1142
1166,1142
1167,1142
1168,1142
1169,1142
1170,1142
1171,1142
1172,1142
1173,1142
1174,1142
1175,1142
1176,1142
1177,1142
1178,1142
1179,1142
1180,1142
1181,1142
1182,1142
1183,1142
1184,1142
1185,1142
1186,1142
1187,1142
1188,1142
1189,1142
1190,1142
1191,1142
1192,1142
1193,1142
1194,1142
1195,1142
1196,1142
1197,1142
1198,1142
1199,1142
1200,1142
1201,1142
1202,1142
1203,1142
1204,1142
1205,1142
1206,1142
1207,1142
1208,1142
1209,1142
1210,1142
1211,1142
1212,1142
1213,1142
1214,1142
1215,1142
1216,1142
1217,1142
1218,1142
1219,1142
1220,1142
1221,1142
1222,1142
1223,1142
1224,1142
1225,1142
1226,1142
1227,1212
1228,1212
1229,1212
1230,1212
1231,1212
1232,1212
1233,1212
1234,1212
1235,1212
1236,1212
1237,1212
1238,1212
1239,1212
1240,1212
1241,1212
1242,1212
1243,1212
1244,1212
1245,1212
1246,1212
1247,1212
1248,1212
1249,1212
1250,1212
1251,1212
1252,1212
1253,1212
1254,1212
1255,1212
1256,1212
1257,1212
1258,1212
1259,1212
1260,1212
1261,1212
1262,1212
1263,1212
1264,1212
1265,1212
1266,1212
1267,1212
1268,1212
1269,1212
1270,1212
1271,1212
1272,1212
1273,1212
1274,1212
1275,1212
1276,1212
1277,1212
1278,1212
1279,1212
1280,1212
1281,1212
1282,1212
1283,1212
1284,1212
1285,1212
1286,1212
1287,1212
1288,1212
1289,1212
1290,1212
1291,1212
1292,1212
1293,1212
1294,1212
1295,1212
1296,1212
1297,1212
1298,1212
1299,1212
1300,1212
1301,1212
1302,1212
1303,1212
1304,1212
1305,1212
1306,1212
1307,1212
1308,1212
1309,1212
1310,1212
1311,1212
1312,1212
1313,1212
1314,1212
1315,1212
1316,1212
1317,1212
1318,1212
1319,1212
1320,1212
1321,1212
1322,1212
1323,1212
1324,1212
1325,1212
1326,1212
1327,1212
1328,1212
1329,1212
1330,1212
1331,1212
1332,1212
1333,1212
1334,1212
1335,1212
1336,1212
1337,1212
1338,1212
1339,1212
1340,1212
1341,1212
1342,1212
1343,1212
1344,1212
1345,1212
1346,1212
1347,1212
1348,1212
1349,1212
1350,1212
1351,1212
1352,1212
1353,1212
1354,1212
1355,1212
1356,1212
1357,1212
1358,1212
1359,1212
1360,1212
1361,1212
1362,1212
1363,1212
1364,1212
1365,1212
1366,1212
1367,1212
1368,1212
1369,1212
1370,1212
1371,1212
1372,1212
1373,1212
1374,1212
1375,1212
1376,1212
1377,1212
1378,1212
1379,1212
1380,1212
1381,1212
1382,1212
1383,1212
1384,1212
1385,1212
1386,1212
1387,1212
1388,1212
1389,1212
1390,1212
1391,1212
1392,1212
1393,1212
1394,1212
1395,1212
1396,1212
1397,1212
1398,1212
1399,1212
1400,1212
1401,1212
1402,1212
1403,1212
1404,1212
1405,1212
1406,1212
1407,1212
1408,1212
1409,1212
1410,1212
1411,1212
1412,1212
1413,1212
1414,1212
1415,1212
1416,1212
1417,1212
1418,1212
1419,1212
1420,1212
1421,1212
1422,1212
1423,1212
1424,1212
1425,1212
1426,1212
1427,1212
1428,1212
1429,1212
1430,1212
1431,1212
1432,1212
1433,1212
1434,1212
1435,1212
1436,1212
1437,1212
1438,1212
1439,1212
1440,1212
1441,1212
1442,1212
1443,1212
1444,1212
1445,1212
1446,1212
1447,1212
1448,1212
1449,1212
1450,1212
1451,1212
1452,1212
1453,1212
1454,1212
1455,1212
1456,1212
1457,1212
1458,1212
1459,1212
1460,1212
1461,1212
1462,1212
1463,1212
1464,1212
1465,1212
1466,1212
1467,1212
1468,1212
1469,1212
1470,1212
1471,1212
1472,1212
1473,1212
1474,1212
1475,1212
1476,1212
1477,1212
1478,1212
1479,1212
1480,1212
1481,1212
1482,1212
1483,1212
1484,1212
1485,1212
1486,1212
1487,1212
1488,1212
1489,1212
1490,1212
1491,1212
1492,1212
1493,1212
1494,1212
1495,1212
1496,1212
1497,1212
1498,1212
1499,1212
1500,1212
1501,1212
1502,1212
1503,1212
1504,1212
1505,1212
1506,1212
1507,1212
1508,1212
1509,1212
1510,1212
1511,1212
1512,1212
1513,1212
1514,1212
1515,1212
1516,1212
1517,1212
1518,1212
1519,1212
1520,1212
1521,1212
1522,1212
1523,1212
1524,1212
1525,1212
1526,1212
1527,1212
1528,1212
1529,1212
1530,1212
1531,1212
1532,1212
1533,1212
1534,1212
1535,1212
1536,1212
1537,1212
1538,1212
1539,1212
1540,1212
1541,1212
1542,1212
1543,1212
1544,1212
1545,1212
1546,1212
1547,1212
1548,1212
1549,1212
1550,1212
1551,1212
1552,1212
1553,1212
1554,1212
1555,1212
1556,1212
1557,1212
1558,1212
1559,1212
1560,1212
1561,1212
1562,1212
1563,1212
1564,1212
1565,1212
1566,1212
1567,1212
1568,1212
1569,1212
1570,1212
1571,1212
1572,1212
1573,1212
1574,1212
1575,1212
1576,1212
1577,1212
1578,1212
1579,1212
1580,1212
1581,1212
1582,1212
1583,1212
1584,1212
1585,1212
1586,1212
1587,1212
1588,1212
1589,1212
1590,1212
1591,1212
1592,1212
1593,1212
1594,1212
1595,1212
1596,1212
1597,1212
1598,1212
1599,1212
1600,1212
1601,1212
1602,1212
1603,1212
1604,1212
1605,1212
1606,1212
1607,1212
1608,1212
1609,1212
1610,1212
1611,1212
1612,1212
1613,1212
1614,1212
1615,1212
1616,1238
1617,1238
1618,1238
1619,1238
1620,1238
1621,1238
1622,1238
1623,1238
1624,1238
1625,1238
1626,1238
1627,1238
1628,1238
1629,1238
1630,1238
1631,1238
1632,1238
1633,1238
1634,1238
1635,1238
1636,1238
1637,1238
1638,1238
1639,1238
1640,1238
1641,1238
1642,1238
1643,1238
1644,1238
1645,1238
1646,1238
1647,1238
1648,1238
1649,1238
1650,1238
1651,1238
1652,1238
1653,1238
1654,1238
1655,1238
1656,1238
1657,1238
1658,1238
1659,1238
1660,1238
1661,1238
1662,1238
1663,1238
1664,1238
1665,1238
1666,1238
1667,1238
1668,1238
1669,1238
1670,1238
1671,1238
1672,1238
1673,1238
1674,1238
1675,1238
1676,1238
1677,1238
1678,1238
1679,1238
1680,1238
1681,1238
1682,1238
1683,1238
1684,1238
1685,1238
1686,1238
1687,1238
1688,1238
1689,1238
1690,1238
1691,1238
1692,1238
1693,1238
1694,1238
1695,1238
1696,1238
1697,1238
1698,1238
1699,1238
1700,1238
1701,1238
1702,1238
1703,1238
1704,1238
1705,1238
1706,1238
1707,1238
1708,1238
1709,1238
1710,1238
1711,1238
1712,1238
1713,1238
1714,1238
1715,1238
1716,1238
1717,1238
1718,1238
1719,1238
1720,1238
1721,1238
1722,1238
1723,1238
1724,1238
1725,1238
1726,1238
1727,1238
1728,1238
1729,1238
1730,1238
1731,1238
1732,1238
1733,1238
1734,1238
1735,1238
1736,1238
1737,1238
1738,1238
1739,1238
1740,1238
1741,1238
1742,1238
1743,1238
1744,1238
1745,1238
1746,1238
1747,1238
1748,1238
1749,1238
1750,1238
1751,1238
1752,1238
1753,1238
1754,1238
1755,1238
1756,1238
1757,1238
1758,1238
1759,1238
1760,1238
1761,1238
1762,1238
1763,1238
1764,1238
1765,1238
1766,1238
1767,1238
1768,1238
1769,1238
1770,1238
1771,1238
1772,1238
1773,1238
1774,1238
1775,1238
1776,1238
1777,1238
1778,1238
1779,1238
1780,1238
1781,1238
1782,1238
1783,1238
1784,1238
1785,1238
1786,1238
1787,1238
1788,1238
1789,1238
1790,1238
1791,1238
1792,1238
1793,1238
1794,1238
1795,1238
1796,1238
1797,1238
1798,1238
1799,1238
1800,1238
1801,1238
1802,1238
1803,1238
1804,1238
1805,1238
1806,1238
1807,1238
1808,1238
1809,1238
1810,1238
1811,1238
1812,1238
1813,1238
1814,1238
1815,1238
1816,1238
1817,1238
1818,1238
1819,1238
1820,1238
1821,1238
1822,1238
1823,1238
1824,1238
1825,1238
1826,1238
1827,1238
1828,1238
1829,1238
1830,1238
1831,1238
1832,1238
1833,1238
1834,1238
1835,1238
1836,1238
1837,1238
1838,1238
1839,1238
1840,1238
1841,1238
1842,1238
1843,1238
1844,1238
1845,1238
1846,1238
1847,1238
1848,1238
1849,1238
1850,1238
1851,1238
1852,1238
1853,1238
1854,1238
1855,1238
1856,1238
1857,1238
1858,1238
1859,1238
1860,1238
1861,1238
1862,1238
1863,1238
1864,1238
1865,1238
1866,1238
1867,1238
1868,1238
1869,1238
1870,1238
1871,1238
1872,1238
1873,1238
1874,1238
1875,1238
1876,1238
1877,1238
1878,1238
1879,1238
1880,1238
1881,1238
1882,1238
1883,1238
1884,1238
1885,1238
1886,1238
1887,1238
1888,1238
1889,1238
1890,1238
1891,1238
1892,1238
1893,1238
1894,1238
1895,1238
1896,1238
1897,1238
1898,1238
1899,1238
1900,1238
1901,1238
1902,1238
1903,1238
1904,1238
1905,1238
1906,1238
1907,1238
1908,1238
1909,1238
1910,1238
1911,1238
1912,1238
1913,1238
1914,1238
1915,1238
1916,1238
1917,1238
1918,1238
1919,1238
1920,1238
1921,1238
1922,1238
1923,1238
1924,1238
1925,1238
1926,1238
1927,1238
1928,1238
1929,1238
1930,1238
1931,1238
1932,1238
1933,1238
1934,1238
1935,1238
1936,1238
1937,1238
1938,1238
1939,1238
1940,1238
1941,1238
1942,1238
1943,1238
1944,1238
1945,1238
1946,1238
1947,1238
1948,1238
1949,1238
1950,1238
1951,1238
1952,1238
1953,1238
1954,1238
1955,1238
1956,1238
1957,1238
1958,1238
1959,1238
1960,1238
1961,1238
1962,1238
1963,1238
1964,1238
1965,1238
1966,1238
1967,1238
1968,1238
1969,1238
1970,1238
1971,1238
1972,1238
1973,1238
1974,1238
1975,1238
1976,1238
1977,1238
1978,1238
1979,1238
1980,1238
1981,1238
1982,1238
1983,1238
1984,1238
1985,1238
1986,1238
1987,1238
1988,1238
1989,1238
1990,1238
1991,1238
1992,1238
1993,1238
1994,1238
1995,1238
1996,1238
1997,1238
1998,1238
1999,1238
2000,1238
2001,1238
2002,1238
2003,1238
2004,1238
2005,1238
2006,1238
2007,1238
2008,1238
2009,1238
2010,1238
2011,1238
2012,1238
2013,1238
2014,1238
2015,1238
2016,1238
2017,1238
2018,1238
2019,1238
2020,1238
2021,1238
2022,1238
2023,1238
2024,1238
2025,1238
2026,1238
2027,1238
2028,1238
2029,1238
2030,1238
2031,1238
2032,1238
2033,1238
2034,1238
2035,1238
2036,1238
2037,1238
2038,1238
2039,1238
2040,1238
2041,1238
2042,1238
2043,1238
2044,1238
2045,1238
2046,1238
2047,1238
2048,1238
2049,1238
2050,1238
2051,1238
2052,1238
2053,1238
2054,1238
2055,1238
2056,1238
2057,1238
2058,1238
2059,1238
2060,1238
2061,1238
2062,1238
2063,1238
2064,1238
2065,1238
2066,1238
2067,1238
2068,1238
2069,1238
2070,1238
2071,1238
2072,1238
2073,1238
2074,1238
2075,1238
2076,1238
2077,1238
2078,1238
2079,1238
2080,1238
2081,1238
2082,1238
2083,1238
2084,1238
2085,1238
2086,1238
2087,1238
2088,1238
2089,1238
2090,1238
2091,1238
2092,1238
2093,1238
2094,1238
2095,1238
2096,1238
2097,1238
2098,1238
2099,1238
2100,1238
2101,1238
2102,1238
2103,1238
2104,1238
2105,1238
2106,1238
2107,1238
2108,1238
2109,1238
2110,1238
2111,1238
2112,1238
2113,1283
2114,1283
2115,1283
2116,1283
2117,1283
2118,1283
2119,1283
2120,1283
2121,1283
2122,1283
2123,1283
2124,1283
2125,1283
2126,1283
2127,1283
2128,1283
2129,1283
2130,1283
2131,1283
2132,1283
2133,1283
2134,1283
2135,1283
2136,1283
2137,1283
2138,1283
2139,1283
2140,1283
2141,1283
2142,1283
2143,1283
2144,1283
2145,1283
2146,1283
2147,1283
2148,1283
2149,1283
2150,1283
2151,1283
2152,1283
2153,1283
2154,1283
2155,1283
2156,1283
2157,1283
2158,1283
2159,1283
2160,1283
2161,1283
2162,1283
2163,1283
2164,1283
2165,1283
2166,1283
2167,1283
2168,1283
2169,1283
2170,1283
2171,1283
2172,1283
2173,1283
2174,1283
2175,1283
2176,1283
2177,1283
2178,1283
2179,1283
2180,1283
2181,1283
2182,1283
2183,1283
2184,1283
2185,1283
2186,1283
2187,1283
2188,1283
2189,1283
2190,1283
2191,1283
2192,1283
2193,1283
2194,1283
2195,1283
2196,1283
2197,1283
2198,1283
2199,1283
2200,1283
2201,1283
2202,1283
2203,1283
2204,1283
2205,1283
2206,1283
2207,1283
2208,1283
2209,1283
2210,1283
2211,1283
2212,1283
2213,1283
2214,1283
2215,1283
2216,1283
2217,1283
2218,1283
2219,1283
2220,1283
2221,1283
2222,1283
2223,1283
2224,1283
2225,1283
2226,1283
2227,1283
2228,1283
2229,1283
2230,1283
2231,1283
2232,1283
2233,1283
2234,1283
2235,1283
2236,1283
2237,1283
2238,1283
2239,1283
2240,1283
2241,1283
2242,1283
2243,1283
2244,1283
2245,1283
2246,1283
2247,1283
2248,1283
2249,1283
2250,1283
2251,1283
2252,1283
2253,1283
2254,1283
2255,1283
2256,1283
2257,1283
2258,1283
2259,1283
2260,1283
2261,1283
2262,1283
2263,1283
2264,1283
2265,1283
2266,1283
2267,1283
2268,1283
2269,1283
2270,1283
2271,1283
2272,1283
2273,1283
2274,1283
2275,1283
2276,1283
2277,1283
2278,1283
2279,1283
2280,1283
2281,1283
2282,1283
2283,1283
2284,1283
2285,1283
2286,1283
2287,1283
2288,1283
2289,1283
2290,1283
2291,1283
2292,1283
2293,1283
2294,1283
2295,1283
2296,1283
2297,1283
2298,1283
2299,1283
2300,1283
2301,1283
2302,1283
2303,1283
2304,1283
2305,1283
2306,1283
2307,1283
2308,1283
2309,1283
2310,1283
2311,1283
2312,1283
2313,1283
2314,1283
2315,1283
2316,1283
2317,1283
2318,1283
2319,1283
2320,1283
2321,1283
2322,1283
2323,1283
2324,1283
2325,1283
2326,1283
2327,1283
2328,1283
2329,1283
2330,1283
2331,1283
2332,1283
2333,1283
2334,1283
2335,1283
2336,1283
2337,1283
2338,1283
2339,1283
2340,1283
2341,1283
2342,1283
2343,1283
2344,1283
2345,1283
2346,1283
2347,1283
2348,1283
2349,1283
2350,1283
2351,1283
2352,1283
2353,1283
2354,1283
2355,1283
2356,1283
2357,1283
2358,1283
2359,1283
2360,1283
2361,1283
2362,1283
2363,1283
2364,1283
2365,1283
2366,1283
2367,1283
2368,1283
2369,1283
2370,1283
2371,1283
2372,1283
2373,1283
2374,1283
2375,1283
2376,1283
2377,1283
2378,1283
2379,1283
2380,1283
2381,1283
2382,1283
2383,1283
2384,1283
2385,1283
2386,1283
2387,1283
2388,1283
2389,1283
2390,1283
2391,1283
2392,1283
2393,1283
2394,1283
2395,1283
2396,1283
2397,1283
2398,1283
2399,1283
2400,1283
2401,1283
2402,1283
2403,1283
2404,1283
2405,1283
2406,1283
2407,1283
2408,1283
2409,1283
2410,1283
2411,1283
2412,1283
2413,1283
2414,1283
2415,1283
2416,1283
2417,1283
2418,1283
2419,1283
2420,1283
2421,1283
2422,1283
2423,1283
2424,1283
2425,1283
2426,1283
2427,1283
2428,1283
2429,1283
2430,1283
2431,1283
2432,1283
2433,1283
2434,1283
2435,1283
2436,1283
2437,1283
2438,1283
2439,1283
2440,1283
2441,1283
2442,1283
2443,1283
2444,1283
2445,1283
2446,1283
2447,1283
2448,1283
2449,1283
2450,1283
2451,1283
2452,1283
2453,1283
2454,1283
2455,1283
2456,1283
2457,1283
2458,1283
2459,1283
2460,1283
2461,1283
2462,1283
2463,1283
2464,1283
2465,1283
2466,1283
2467,1283
2468,1283
2469,1283
2470,1283
2471,1283
2472,1283
2473,1283
2474,1283
2475,1283
2476,1283
2477,1283
2478,1283
2479,1283
2480,1283
2481,1283
2482,1283
2483,1283
2484,1283
2485,1283
2486,1283
2487,1283
2488,1283
2489,1283
2490,1283
2491,1283
2492,1283
2493,1283
2494,1283
2495,1283
2496,1283
2497,1283
2498,1283
2499,1283
2500,1298
2501,1298
2502,1298
2503,1298
2504,1298
2505,1298
2506,1298
2507,1298
2508,1298
2509,1298
2510,1298
2511,1298
2512,1298
2513,1298
2514,1298
2515,1298
2516,1298
2517,1298
2518,1298
2519,1298
2520,1298
2521,1298
2522,1298
2523,1298
2524,1298
2525,1298
2526,1298
2527,1298
2528,1298
2529,1298
2530,1298
2531,1298
2532,1298
2533,1298
2534,1298
2535,1298
2536,1298
2537,1298
2538,1298
2539,1298
2540,1298
2541,1298
2542,1298
2543,1298
2544,1298
2545,1298
2546,1298
2547,1298
2548,1298
2549,1298
2550,1298
2551,1298
2552,1298
2553,1298
2554,1298
2555,1298
2556,1298
2557,1298
2558,1298
2559,1298
2560,1298
2561,1298
2562,1298
2563,1298
2564,1298
2565,1298
2566,1298
2567,1298
2568,1298
2569,1298
2570,1298
2571,1298
2572,1298
2573,1298
2574,1298
2575,1298
2576,1298
2577,1298
2578,1298
2579,1298
2580,1298
2581,1298
2582,1298
2583,1298
2584,1298
2585,1298
2586,1298
2587,1298
2588,1298
2589,1298
2590,1298
2591,1298
2592,1298
2593,1298
2594,1298
2595,1298
2596,1298
2597,1298
2598,1298
2599,1298
2600,1298
2601,1298
2602,1298
2603,1298
2604,1298
2605,1298
2606,1298
2607,1298
2608,1298
2609,1298
2610,1298
2611,1298
2612,1298
2613,1298
2614,1298
2615,1298
2616,1298
2617,1298
2618,1298
2619,1298
2620,1298
2621,1298
2622,1298
2623,1298
2624,1298
2625,1298
2626,1298
2627,1298
2628,1298
2629,1298
2630,1298
2631,1298
2632,1298
2633,1298
2634,1298
2635,1298
2636,1298
2637,1298
2638,1298
2639,1298
2640,1298
2641,1298
2642,1298
2643,1316
2644,1316
2645,1316
2646,1316
2647,1316
2648,1316
2649,1316
2650,1316
2651,1316
2652,1316
2653,1316
2654,1316
2655,1316
2656,1316
2657,1316
2658,1316
2659,1316
2660,1316
2661,1316
2662,1316
2663,1316
2664,1316
2665,1316
2666,1316
2667,1316
2668,1316
2669,1316
2670,1316
2671,1316
2672,1316
2673,1316
2674,1316
2675,1316
2676,1316
2677,1316
2678,1316
2679,1316
2680,1316
2681,1316
2682,1316
2683,1316
2684,1316
2685,1316
2686,1316
2687,1316
2688,1316
2689,1316
2690,1316
2691,1316
2692,1316
2693,1316
2694,1316
2695,1316
2696,1316
2697,1316
2698,1316
2699,1316
2700,1316
2701,1316
2702,1316
2703,1316
2704,1316
2705,1316
2706,1316
2707,1316
2708,1316
2709,1316
2710,1316
2711,1316
2712,1316
2713,1316
2714,1316
2715,1316
2716,1316
2717,1316
2718,1316
2719,1316
2720,1316
2721,1316
2722,1316
2723,1316
2724,1316
2725,1316
2726,1316
2727,1316
2728,1316
2729,1316
2730,1316
2731,1316
2732,1316
2733,1316
2734,1316
2735,1316
2736,1316
2737,1316
2738,1316
2739,1316
2740,1316
2741,1316
2742,1316
2743,1316
2744,1316
2745,1316
2746,1316
2747,1316
2748,1316
2749,1316
2750,1316
2751,1316
2752,1316
2753,1316
2754,1316
2755,1316
2756,1316
2757,1316
2758,1316
2759,1316
2760,1316
2761,1316
2762,1316
2763,1316
2764,1316
2765,1316
2766,1316
2767,1316
2768,1316
2769,1316
2770,1316
2771,1316
2772,1316
2773,1316
2774,1316
2775,1316
2776,1316
2777,1316
2778,1316
2779,1316
2780,1316
2781,1316
2782,1316
2783,1316
2784,1316
2785,1316
2786,1316
2787,1316
2788,1316
2789,1316
2790,1316
2791,1316
2792,1316
2793,1316
2794,1316
2795,1316
2796,1316
2797,1316
2798,1316
2799,1316
2800,1316
2801,1316
2802,1316
2803,1316
2804,1316
2805,1316
2806,1316
2807,1316
2808,1316
2809,1316
2810,1316
2811,1316
2812,1316
2813,1316
2814,1316
2815,1316
2816,1316
2817,1316
2818,1316
2819,1316
2820,1316
2821,1316
2822,1316
2823,1316
2824,1316
2825,1316
2826,1316
2827,1316
2828,1316
2829,1316
2830,1316
2831,1316
2832,1316
2833,1316
2834,1316
2835,1316
2836,1316
2837,1316
2838,1316
2839,1316
2840,1316
2841,1316
2842,1316
2843,1316
2844,1316
2845,1316
2846,1316
2847,1316
2848,1316
2849,1316
2850,1316
2851,1316
2852,1316
2853,1316
2854,1316
2855,1316
2856,1316
2857,1316
2858,1316
2859,1316
2860,1316
2861,1316
2862,1316
2863,1316
2864,1316
2865,1316
2866,1316
2867,1316
2868,1316
2869,1316
2870,1316
2871,1316
2872,1316
2873,1316
2874,1316
2875,1316
2876,1316
2877,1316
2878,1316
2879,1316
2880,1316
2881,1316
2882,1316
2883,1316
2884,1316
2885,1316
2886,1316
2887,1316
2888,1316
2889,1316
2890,1316
2891,1316
2892,1316
2893,1316
2894,1316
2895,1316
2896,1316
2897,1316
2898,1316
2899,1316
2900,1316
2901,1316
2902,1316
2903,1316
2904,1316
2905,1316
2906,1316
2907,1316
2908,1316
2909,1316
2910,1316
2911,1316
2912,1316
2913,1316
2914,1316
2915,1316
2916,1316
2917,1316
2918,1316
2919,1316
2920,1316
2921,1316
2922,1316
2923,1316
2924,1316
2925,1316
2926,1316
2927,1316
2928,1316
2929,1316
2930,1316
2931,1316
2932,1316
2933,1316
2934,1316
2935,1316
2936,1316
2937,1316
2938,1316
2939,1316
2940,1316
2941,1316
2942,1316
2943,1316
2944,1316
2945,1316
2946,1316
2947,1316
2948,1316
2949,1316
2950,1316
2951,1316
2952,1316
2953,1316
2954,1316
2955,1316
2956,1316
2957,1316
2958,1316
2959,1316
2960,1316
2961,1316
2962,1316
2963,1316
2964,1316
2965,1316
2966,1316
2967,1316
2968,1316
2969,1316
2970,1316
2971,1316
2972,1316
2973,1316
2974,1316
2975,1316
2976,1316
2977,1316
2978,1316
2979,1316
2980,1316
2981,1316
2982,1316
2983,1316
2984,1316
2985,1316
2986,1316
2987,1316
2988,1316
2989,1316
2990,1316
2991,1316
2992,1316
2993,1316
2994,1316
2995,1316
2996,1316
2997,1316
2998,1316
2999,1316
3000,1316
3001,1316
3002,1316
3003,1316
3004,1316
3005,1316
3006,1316
3007,1316
3008,1316
3009,1316
3010,1316
3011,1316
3012,1316
3013,1316
3014,1316
3015,1316
3016,1316
3017,1316
3018,1316
3019,1316
3020,1316
3021,1316
3022,1316
3023,1316
3024,1316
3025,1316
3026,1316
3027,1316
3028,1486
3029,1486
3030,1486
3031,1486
3032,1486
3033,1486
3034,1486
3035,1486
3036,1486
3037,1486
3038,1486
3039,1486
3040,1486
3041,1486
3042,1486
3043,1486
3044,1486
3045,1486
3046,1486
3047,1486
3048,1486
3049,1486
3050,1486
3051,1486
3052,1486
3053,1486
3054,1486
3055,1486
3056,1486
3057,1486
3058,1486
3059,1486
3060,1486
3061,1486
3062,1486
3063,1486
3064,1486
3065,1486
3066,1486
3067,1486
3068,1486
3069,1486
3070,1486
3071,1486
3072,1486
3073,1486
3074,1486
3075,1486
3076,1486
3077,1486
3078,1486
3079,1486
3080,1486
3081,1486
3082,1486
3083,1486
3084,1486
3085,1486
3086,1486
3087,1486
3088,1486
3089,1486
3090,1486
3091,1486
3092,1486
3093,1486
3094,1486
3095,1486
3096,1486
3097,1486
3098,1486
3099,1486
3100,1486
3101,1486
3102,1486
3103,1486
3104,1486
3105,1486
3106,1486
3107,1486
3108,1486
3109,1486
3110,1486
3111,1486
3112,1486
3113,1486
3114,1486
3115,1486
3116,1486
3117,1486
3118,1486
3119,1486
3120,1486
3121,1486
3122,1486
3123,1486
3124,1486
3125,1486
3126,1486
3127,1486
3128,1486
3129,1486
3130,1486
3131,1486
3132,1486
3133,1486
3134,1486
3135,1486
3136,1486
3137,1486
3138,1486
3139,1486
3140,1486
3141,1486
3142,1486
3143,1486
3144,1486
3145,1486
3146,1486
3147,1486
3148,1486
3149,1486
3150,1486
3151,1486
3152,1486
3153,1486
3154,1486
3155,1486
3156,1486
3157,1486
3158,1486
3159,1486
3160,1486
3161,1486
3162,1486
3163,1486
3164,1486
3165,1486
3166,1486
3167,1486
3168,1486
3169,1486
3170,1486
3171,1486
3172,1486
3173,1486
3174,1486
3175,1486
3176,1486
3177,1486
3178,1486
3179,1486
3180,1486
3181,1486
3182,1486
3183,1486
3184,1486
3185,1486
3186,1486
3187,1486
3188,1486
3189,1486
3190,1486
3191,1486
3192,1486
3193,1486
3194,1486
3195,1486
3196,1486
3197,1486
3198,1486
3199,1486
3200,1486
3201,1486
3202,1486
3203,1486
3204,1486
3205,1486
3206,1486
3207,1486
3208,1486
3209,1486
3210,1486
3211,1486
3212,1486
3213,1486
3214,1486
3215,1486
3216,1486
3217,1486
3218,1486
3219,1486
3220,1486
3221,1486
3222,1486
3223,1486
3224,1486
3225,1486
3226,1486
3227,1486
3228,1486
3229,1486
3230,1486
3231,1486
3232,1486
3233,1486
3234,1486
3235,1486
3236,1486
3237,1486
3238,1486
3239,1486
3240,1486
3241,1486
3242,1486
3243,1486
3244,1486
3245,1486
3246,1486
3247,1486
3248,1486
3249,1486
3250,1486
3251,1486
3252,1486
3253,1486
3254,1486
3255,1486
3256,1486
3257,1486
3258,1486
3259,1486
3260,1486
3261,1486
3262,1486
3263,1486
3264,1486
3265,1486
3266,1486
3267,1486
3268,1486
3269,1486
3270,1486
3271,1486
3272,1486
3273,1486
3274,1486
3275,1486
3276,1486
3277,1486
3278,1486
3279,1486
3280,1486
3281,1486
3282,1486
3283,1486
3284,1486
3285,1486
3286,1486
3287,1486
3288,1486
3289,1486
3290,1486
3291,1486
3292,1486
3293,1486
3294,1486
3295,1486
3296,1486
3297,1486
3298,1486
3299,1486
3300,1486
3301,1486
3302,1486
3303,1486
3304,1486
3305,1486
3306,1486
3307,1486
3308,1486
3309,1486
3310,1486
3311,1486
3312,1486
3313,1486
3314,1486
3315,1486
3316,1486
3317,1486
3318,1486
3319,1486
3320,1486
3321,1486
3322,1486
3323,1486
3324,1486
3325,1486
3326,1486
3327,1486
3328,1486
3329,1486
3330,1486
3331,1486
3332,1486
3333,1486
3334,1486
3335,1486
3336,1486
3337,1486
3338,1486
3339,1486
3340,1486
3341,1486
3342,1486
3343,1486
3344,1486
3345,1486
3346,1486
3347,1486
3348,1486
3349,1486
3350,1486
3351,1486
3352,1486
3353,1486
3354,1486
3355,1486
3356,1486
3357,1486
3358,1486
3359,1486
3360,1486
3361,1486
3362,1486
3363,1486
3364,1486
3365,1486
3366,1486
3367,1486
3368,1486
3369,1486
3370,1486
3371,1486
3372,1486
3373,1486
3374,1486
3375,1486
3376,1486
3377,1486
3378,1486
3379,1486
3380,1486
3381,1486
3382,1486
3383,1486
3384,1486
3385,1486
3386,1486
3387,1486
3388,1486
3389,1486
3390,1486
3391,1486
3392,1486
3393,1486
3394,1486
3395,1486
3396,1486
3397,1486
3398,1486
3399,1486
3400,1486
3401,1486
3402,1486
3403,1486
3404,1486
3405,1486
3406,1486
3407,1486
3408,1486
3409,1486
3410,1486
3411,1486
3412,1486
3413,1486
3414,1486
3415,1486
3416,1486
3417,1486
3418,1486
3419,1486
3420,1486
3421,1486
3422,1486
3423,1486
3424,1486
3425,1486
3426,1486
3427,1486
3428,1486
3429,1486
3430,1486
3431,1486
3432,1486
3433,1486
3434,1486
3435,1486
3436,1486
3437,1486
3438,1486
3439,1486
3440,1486
3441,1486
3442,1486
3443,1486
3444,1486
3445,1486
3446,1486
3447,1486
3448,1486
3449,1486
3450,1486
3451,1486
3452,1486
3453,1486
3454,1486
3455,1486
3456,1486
3457,1486
3458,1486
3459,1486
3460,1486
3461,1486
3462,1486
3463,1486
3464,1486
3465,1486
3466,1486
3467,1486
3468,1486
3469,1486
3470,1486
3471,1486
3472,1486
3473,1486
3474,1486
3475,1486
3476,1486
3477,1486
3478,1486
3479,1486
3480,1486
3481,1486
3482,1486
3483,1486
3484,1486
3485,1486
3486,1486
3487,1486
3488,1486
3489,1486
3490,1486
3491,1486
3492,1486
3493,1486
3494,1486
3495,1486
3496,1486
3497,1486
3498,1486
3499,1486
3500,1486
3501,1486
3502,1486
3503,1326
3504,1326
3505,1326
3506,1326
3507,1326
3508,1326
3509,1326
3510,1326
3511,1326
3512,1326
3513,1326
3514,1326
3515,1326
3516,1326
3517,1326
3518,1326
3519,1326
3520,1326
3521,1326
3522,1326
3523,1326
3524,1326
3525,1326
3526,1326
3527,1326
3528,1326
3529,1326
3530,1326
3531,1326
3532,1326
3533,1326
3534,1326
3535,1326
3536,1326
3537,1326
3538,1326
3539,1326
3540,1326
3541,1326
3542,1326
3543,1326
3544,1326
3545,1326
3546,1326
3547,1326
3548,1326
3549,1326
3550,1326
3551,1326
3552,1326
3553,1326
3554,1326
3555,1326
3556,1326
3557,1326
3558,1326
3559,1326
3560,1326
3561,1326
3562,1326
3563,1326
3564,1326
3565,1326
3566,1326
3567,1326
3568,1326
3569,1326
3570,1326
3571,1326
3572,1326
3573,1326
3574,1326
3575,1326
3576,1326
3577,1326
3578,1326
3579,1326
3580,1326
3581,1326
3582,1326
3583,1326
3584,1326
3585,1326
3586,1326
3587,1326
3588,1326
3589,1326
3590,1326
3591,1326
3592,1326
3593,1326
3594,1326
3595,1326
3596,1326
3597,1326
3598,1326
3599,1326
3600,1326
3601,1326
3602,1326
3603,1326
3604,1326
3605,1326
3606,1326
3607,1326
3608,1326
3609,1326
3610,1326
3611,1326
3612,1326
3613,1326
3614,1326
3615,1326
3616,1326
3617,1326
3618,1326
3619,1326
3620,1326
3621,1326
3622,1326
3623,1326
3624,1326
3625,1326
3626,1326
3627,1326
3628,1326
3629,1326
3630,1326
3631,1326
3632,1326
3633,1326
3634,1326
3635,1326
3636,1326
3637,1326
3638,1326
3639,1326
3640,1326
3641,1326
3642,1326
3643,1326
3644,1326
3645,1326
3646,1326
3647,1326
3648,1326
3649,1326
3650,1326
3651,1326
3652,1326
3653,1326
3654,1326
3655,1326
3656,1326
3657,1326
3658,1326
3659,1326
3660,1326
3661,1326
3662,1326
3663,1326
3664,1326
3665,1326
3666,1326
3667,1326
3668,1326
3669,1326
3670,1326
3671,1326
3672,1326
3673,1326
3674,1326
3675,1326
3676,1326
3677,1326
3678,1326
3679,1326
3680,1326
3681,1326
3682,1326
3683,1326
3684,1326
3685,1326
3686,1326
3687,1326
3688,1326
3689,1326
3690,1326
3691,1326
3692,1326
3693,1326
3694,1326
3695,1326
3696,1326
3697,1326
3698,1326
3699,1326
3700,1326
3701,1326
3702,1326
3703,1326
3704,1326
3705,1326
3706,1326
3707,1326
3708,1326
3709,1326
